Card Name,Weighted Winrate %,Weighted Record,Total Weighted Matches,Pools Opened In
Improvisation Capstone,54.59,214-178,392,22
Together As One,54.48,480-401,881,50
Mind Into Matter,54.27,527-444,971,55
Stormcarved Coast,54.25,345-291,636,34
Emeritus Of Ideation // Ancestral Recall,53.67,161-139,300,19
Emeritus Of Truce // Swords To Plowshares,53.56,218-189,407,26
Vastlands Scavenger // Bind To Life,53.42,328-286,614,32
Slumbering Trudge,53.29,421-369,790,46
Environmental Scientist,52.92,752-669,1421,79
Petrified Hamlet,52.85,501-447,948,48
Paradox Surveyor,52.67,760-683,1443,65
Moment Of Reckoning,52.42,358-325,683,46
"Arnyn, Deathbloom Botanist",52.34,818-745,1563,83
Chelonian Tackle,52.3,796-726,1522,85
Vibrant Outburst,52.29,777-709,1486,81
Mind Roots,52.19,678-621,1299,81
Stirring Honormancer,52.13,733-673,1406,79
"Sanar, Unfinished Genius // Wild Idea",52.08,777-715,1492,81
Elite Interceptor // Rejoinder,51.87,2454-2277,4731,167
Practiced Offense,51.87,375-348,723,44
Blazing Firesinger // Seething Song,51.83,834-775,1609,81
Thunderdrum Soloist,51.7,730-682,1412,78
Emeritus Of Woe // Demonic Tutor,51.69,138-129,267,18
Skycoach Conductor // All Aboard,51.63,285-267,552,39
Living History,51.62,655-614,1269,75
Echocasting Symposium,51.61,176-165,341,21
Colossus Of The Blood Age,51.51,817-769,1586,89
Campus Composer // Aqueous Aria,51.46,742-700,1442,79
"Nita, Forum Conciliator",51.41,382-361,743,48
Great Hall Of The Biblioplex,51.4,350-331,681,52
Charging Strifeknight,51.38,744-704,1448,80
Diary Of Dreams,51.29,798-758,1556,82
Mana Sculpt,51.26,204-194,398,24
Colorstorm Stallion,51.24,330-314,644,41
Biblioplex Tomekeeper,51.24,1510-1437,2947,148
Silverquill Charm,51.17,697-665,1362,70
Expressive Firedancer,51.15,2633-2515,5148,176
Encouraging Aviator // Jump,51.15,709-677,1386,75
Honorbound Page // Forum'S Favor,51.13,2461-2352,4813,167
"Silverquill, The Disputant",51.12,160-153,313,21
Primary Research,51.11,691-661,1352,76
Quandrix Charm,51.04,812-779,1591,87
Pigment Wrangler // Striking Palette,50.98,676-650,1326,75
Pensive Professor,50.98,493-474,967,52
Ascendant Dustspeaker,50.94,2340-2254,4594,172
Strife Scholar // Awaken The Ages,50.92,2444-2356,4800,172
Harsh Annotation,50.88,752-726,1478,75
Informed Inkwright,50.87,440-425,865,48
"Berta, Wise Extrapolator",50.85,328-317,645,38
Muse'S Encouragement,50.78,2290-2220,4510,166
Poisoner'S Apprentice,50.78,779-755,1534,86
Send In The Pest,50.76,2395-2323,4718,172
Old-Growth Educator,50.74,717-696,1413,86
Bogwater Lumaret,50.74,3051-2962,6013,178
Fractal Tender,50.73,699-679,1378,69
Studious First-Year // Rampant Growth,50.69,2627-2555,5182,183
Cauldron Of Essence,50.69,402-391,793,45
Tenured Concocter,50.67,2412-2348,4760,170
Daydream,50.66,689-671,1360,79
Unsubtle Mockery,50.65,2554-2488,5042,175
Pterafractyl,50.64,2871-2798,5669,186
Seize The Spoils,50.63,2411-2351,4762,169
Titan'S Grave,50.63,2348-2290,4638,179
Planar Engineering,50.61,374-365,739,43
Fields Of Strife,50.59,2096-2047,4143,159
Owlin Historian,50.59,2568-2508,5076,172
Rapturous Moment,50.56,764-747,1511,88
Essence Scatter,50.56,2432-2378,4810,162
Follow The Lumarets,50.55,2541-2486,5027,179
Deluge Virtuoso,50.54,2455-2403,4858,181
Impractical Joke,50.54,706-691,1397,83
Stand Up For Yourself,50.51,843-826,1669,84
Emeritus Of Conflict // Lightning Bolt,50.47,108-106,214,15
Leech Collector // Bloodletting,50.46,706-693,1399,75
Procrastinate,50.41,2067-2033,4100,162
Tome Blast,50.41,2377-2338,4715,164
Wisdom Of Ages,50.4,315-310,625,37
"Quandrix, The Proof",50.4,126-124,250,15
Ulna Alley Shopkeep,50.38,2453-2416,4869,167
Forum Of Amity,50.34,2153-2124,4277,170
Banishing Betrayal,50.33,2288-2258,4546,179
Topiary Lecturer,50.31,734-725,1459,72
Ark Of Hunger,50.3,425-420,845,51
Scolding Administrator,50.3,665-657,1322,74
Comforting Counsel,50.28,361-357,718,48
Hungry Graffalon,50.27,2211-2187,4398,174
Quill-Blade Laureate // Twofold Intent,50.27,848-839,1687,99
Burrog Banemaker,50.25,2503-2478,4981,167
Render Speechless,50.25,2937-2908,5845,189
Pursue The Past,50.25,3041-3011,6052,186
Rubble Rouser,50.22,2358-2337,4695,181
Scathing Shadelock // Venomous Words,50.22,695-689,1384,79
Resonating Lute,50.21,366-363,729,47
Grapple With Death,50.21,3064-3038,6102,198
Fractal Mascot,50.21,2933-2908,5841,186
Root Manipulation,50.21,731-725,1456,82
Withering Curse,50.21,244-242,486,29
Wild Hypothesis,50.17,2597-2579,5176,185
Germination Practicum,50.16,157-156,313,24
Last Gasp,50.15,2365-2351,4716,171
Arcane Omens,50.15,829-824,1653,84
Joined Researchers // Secret Rendezvous,50.13,397-395,792,53
Cuboid Colony,50.11,915-911,1826,96
"Blech, Loafing Pest",50.08,311-310,621,39
"Jadzi, Steward Of Fate // Oracle'S Gift",50.07,346-345,691,40
Maelstrom Artisan // Rocket Volley,50.06,406-405,811,44
Quick Study,50.05,2598-2593,5191,178
Mindful Biomancer,50.02,2159-2157,4316,169
Melancholic Poet,50.0,2650-2650,5300,184
Restoration Seminar,50.0,208-208,416,27
"Ennis, Debate Moderator",50.0,821-821,1642,92
Visionary'S Dance,49.99,2773-2774,5547,189
Textbook Tabulator,49.97,2262-2265,4527,166
Social Snub,49.97,760-761,1521,82
Lecturing Scornmage,49.94,841-843,1684,90
Molten Note,49.91,563-565,1128,70
Flashback,49.91,293-294,587,38
Zealous Lorecaster,49.87,2427-2440,4867,171
Teacher'S Pest,49.87,760-764,1524,79
Soaring Stoneglider,49.87,927-932,1859,93
"Witherbloom, The Balancer",49.86,178-179,357,21
Foolish Fate,49.84,762-767,1529,89
Mathemagics,49.84,160-161,321,19
Shattered Acolyte,49.83,2225-2240,4465,169
Skycoach Waypoint,49.83,889-895,1784,91
Summoned Dromedary,49.83,715-720,1435,78
Landscape Painter // Vibrant Idea,49.79,2226-2245,4471,163
"Lluwen, Exchange Student // Pest Friend",49.79,715-721,1436,82
Infirmary Healer // Stream Of Life,49.78,693-699,1392,80
Prismari Charm,49.77,744-751,1495,78
Stadium Tidalmage,49.76,2893-2921,5814,186
Potioner'S Trove,49.73,1770-1789,3559,155
Inkling Mascot,49.73,2933-2965,5898,192
Noxious Newt,49.72,2276-2302,4578,173
Wilt In The Heat,49.7,3088-3125,6213,193
Eternal Student,49.7,841-851,1692,87
Inkshape Demonstrator,49.7,918-929,1847,98
Pest Mascot,49.69,3076-3115,6191,195
Fix What'S Broken,49.66,369-374,743,46
Cheerful Osteomancer // Raise Dead,49.64,2191-2223,4414,167
Interjection,49.63,2523-2561,5084,185
Dina'S Guidance,49.63,404-410,814,51
"Orysa, Tide Choreographer",49.62,714-725,1439,73
Tragedy Feaster,49.6,372-378,750,48
Imperious Inkmage,49.57,2997-3049,6046,193
"Lorehold, The Historian",49.56,169-172,341,23
Pestbrood Sloth,49.54,698-711,1409,78
Oracle'S Restoration,49.53,2199-2241,4440,169
Pull From The Grave,49.52,2068-2108,4176,162
Startled Relic Sloth,49.49,683-697,1380,84
Stone Docent,49.48,2485-2537,5022,177
Choreographed Sparks,49.48,476-486,962,51
Cost Of Brilliance,49.47,2208-2255,4463,165
"Emil, Vastlands Roamer",49.44,748-765,1513,85
Eager Glyphmage,49.43,2543-2602,5145,169
Terramorphic Expanse,49.42,1329-1360,2689,141
Graduation Day,49.41,751-769,1520,76
Applied Geometry,49.4,332-340,672,43
Strixhaven Skycoach,49.4,695-712,1407,84
Spirit Mascot,49.39,2684-2750,5434,184
"Mica, Reader Of Ruins",49.39,764-783,1547,87
Shattered Sanctum,49.38,360-369,729,49
Steal The Show,49.38,360-369,729,48
Brush Off,49.36,842-864,1706,85
Shopkeeper'S Bane,49.35,2299-2360,4659,170
Lumaret'S Favor,49.35,908-932,1840,106
"Page, Loose Leaf",49.34,1528-1569,3097,149
Magmablood Archaic,49.34,409-420,829,48
Run Behind,49.33,2233-2294,4527,163
Additive Evolution,49.3,636-654,1290,77
Garrison Excavator,49.29,905-931,1836,105
Sundering Archaic,49.29,725-746,1471,94
"Abigale, Poet Laureate // Heroic Stanza",49.28,652-671,1323,74
Antiquities On The Loose,49.27,339-349,688,46
Borrowed Knowledge,49.22,661-682,1343,79
Rapier Wit,49.19,2094-2163,4257,174
Masterful Flourish,49.19,2395-2474,4869,172
End Of The Hunt,49.19,671-693,1364,84
The Dawning Archaic,49.18,210-217,427,28
Decorum Dissertation,49.16,234-242,476,27
Tackle Artist,49.13,2263-2343,4606,175
Sneering Shadewriter,49.12,2398-2484,4882,171
Geometer'S Arthropod,49.09,244-253,497,35
Dig Site Inventory,49.08,2188-2270,4458,164
"Prismari, The Inspiration",49.04,231-240,471,31
Tester Of The Tangential,49.0,635-661,1296,71
Snooping Page,48.99,704-733,1437,78
Muse Seeker,48.98,768-800,1568,87
Ancestral Anger,48.96,2524-2631,5155,180
Adventurous Eater // Have A Bite,48.95,2241-2337,4578,163
Glorious Decay,48.95,2081-2170,4251,172
Paradox Gardens,48.94,2174-2268,4442,167
Forum Necroscribe,48.91,805-841,1646,84
Rearing Embermare,48.91,2114-2208,4322,171
Ambitious Augmenter,48.91,268-280,548,32
"Tam, Observant Sequencer // Deep Sight",48.85,784-821,1605,93
Embrace The Paradox,48.84,2949-3089,6038,193
Fractal Anomaly,48.84,818-857,1675,93
Elemental Mascot,48.82,2492-2612,5104,180
Snarl Song,48.82,808-847,1655,92
Heated Argument,48.82,2155-2259,4414,165
Essenceknit Scholar,48.82,683-716,1399,79
Matterbending Mage,48.81,556-583,1139,70
Chase Inspiration,48.74,2233-2348,4581,175
Erode,48.72,343-361,704,48
Dreamroot Cascade,48.71,321-338,659,39
Killian'S Confidence,48.67,750-791,1541,88
Mage Tower Referee,48.55,1438-1524,2962,144
Tablet Of Discovery,48.55,570-604,1174,70
Stress Dream,48.54,765-811,1576,94
"Kirol, History Buff // Pack A Punch",48.54,666-706,1372,73
Spellbook Seeker // Careful Study,48.5,2263-2403,4666,181
Rehearsed Debater,48.45,2127-2263,4390,168
Fractalize,48.43,665-708,1373,81
Zaffai And The Tempests,48.43,417-444,861,52
Practiced Scrollsmith,48.41,761-811,1572,90
Dissection Practice,48.4,800-853,1653,96
Spectacle Summit,48.4,1774-1891,3665,148
Harmonized Trio // Brainstorm,48.39,330-352,682,48
Witherbloom Charm,48.38,671-716,1387,76
Goblin Glasswright // Craft With Pride,48.38,2225-2374,4599,169
Artistic Process,48.38,717-765,1482,77
Hydro-Channeler,48.34,2318-2477,4795,179
Ajani'S Response,48.3,2159-2311,4470,173
Efflorescence,48.29,2182-2337,4519,168
Spiritcall Enthusiast // Scrollboost,48.29,793-849,1642,86
Growth Curve,48.26,555-595,1150,73
Aberrant Manawurm,48.22,828-889,1717,96
Abstract Paintmage,48.18,688-740,1428,82
Wildgrowth Archaic,48.17,407-438,845,50
Archaic'S Agony,48.12,704-759,1463,86
Grave Researcher // Reanimate,48.08,263-284,547,37
Proctor'S Gaze,48.07,709-766,1475,85
Burrog Barrage,48.04,1983-2145,4128,168
Pox Plague,48.02,328-355,683,50
Suspend Aggression,47.92,323-351,674,45
"Ral Zarek, Guest Lecturer",47.92,184-200,384,24
Transcendent Archaic,47.89,636-692,1328,75
Divergent Equation,47.87,572-623,1195,80
Sundown Pass,47.84,366-399,765,45
Thornfist Striker,47.81,795-868,1663,90
Emeritus Of Abundance // Regrowth,47.76,160-175,335,23
Conciliator'S Duelist,47.76,299-327,626,40
"Aziza, Mage Tower Captain",47.72,230-252,482,32
Wander Off,47.71,2178-2387,4565,171
Zimone'S Experiment,47.67,625-686,1311,84
Flow State,47.55,630-695,1325,76
Rabid Attack,47.52,662-731,1393,85
Exhibition Tidecaller,47.51,277-306,583,33
Postmortem Professor,47.3,219-244,463,34
Molten-Core Maestro,47.28,217-242,459,33
Rancorous Archaic,47.26,1390-1551,2941,139
Group Project,47.25,652-728,1380,80
Lorehold Charm,47.2,743-831,1574,83
Spectacular Skywhale,47.02,774-872,1646,94
Hardened Academic,46.83,318-361,679,44
Homesickness,46.81,558-634,1192,75
Deathcap Glade,46.54,377-433,810,50
"Moseo, Vein'S New Dean",46.52,401-461,862,51
Splatter Technique,46.47,270-311,581,43
Duel Tactics,45.91,584-688,1272,84
Scheming Silvertongue // Sign In Blood,45.76,324-384,708,48
Traumatic Critique,45.75,328-389,717,51
Stirring Hopesinger,43.63,243-314,557,40
Professor Dellian Fel,42.65,148-199,347,21
Vicious Rivalry,42.61,242-326,568,41
