Card Name,Post-Acquisition Winrate,Post-Acquisition Record,Total Post-Acquisition Matches,Pools Opened In
"Alquist Proft, Master Sleuth",76.19,16-5,21,2
Lamplight Phoenix,75.51,37-12,49,4
Ornery Tumblewagg,74.19,23-8,31,2
Bounding Felidar,73.33,22-8,30,4
The Cloning of Shredder,73.08,19-7,26,2
Dust Bowl,71.43,20-8,28,2
Day of Black Sun,70.83,17-7,24,2
Show and Tell,70.59,12-5,17,1
Warleader's Call,70.0,35-15,50,4
Void Rend,70.0,14-6,20,1
Ravenous Tyrannosaurus,70.0,14-6,20,1
Concealed Courtyard,69.05,29-13,42,2
Avatar Destiny,68.75,22-10,32,2
Hostile Investigator,68.75,11-5,16,1
Earthbender Ascension,68.42,13-6,19,1
Omenpath Journey,68.18,15-7,22,2
Stoneforge Mystic,68.18,15-7,22,1
Shoot the Sheriff,68.18,15-7,22,1
"Storm, Force of Nature",68.0,17-8,25,1
"Wan Shi Tong, Librarian",67.74,21-10,31,2
Lightning Helix,67.57,25-12,37,3
Assassin's Trophy,67.31,35-17,52,4
Arid Archway,67.12,49-24,73,5
Wartime Protestors,66.67,10-5,15,2
Ravenous Robots,66.67,30-15,45,2
Deadly Dispute,66.67,12-6,18,1
Fae Flight,66.67,28-14,42,3
Michelangelo's Technique,65.79,25-13,38,3
"Michelangelo, Improviser",65.79,25-13,38,2
"Loot, the Key to Everything",65.52,19-10,29,2
"Legolas, Master Archer",65.52,38-20,58,4
"Frodo, Sauron's Bane",65.22,15-8,23,2
Binding Negotiation,65.0,26-14,40,5
Beifong's Bounty Hunters,65.0,13-7,20,1
Deadly Cover-Up,64.86,24-13,37,2
"Taii Wakeen, Perfect Shot",64.86,24-13,37,2
Cornered Crook,64.81,35-19,54,7
Jet's Brainwashing,64.58,31-17,48,5
Case of the Locked Hothouse,64.29,45-25,70,4
Imp's Mischief,64.0,16-9,25,4
"Eriette, the Beguiler",64.0,16-9,25,2
Case of the Gateway Express,63.93,39-22,61,5
Raucous Entertainer,63.87,76-43,119,11
Pompous Gadabout,63.64,28-16,44,2
Redirect Lightning,63.64,14-8,22,1
Avatar's Wrath,63.33,19-11,30,2
"Shark Shredder, Killer Clone",62.96,34-20,54,5
"Raphael, the Nightwatcher",62.5,25-15,40,3
Turtle Blimp,62.5,10-6,16,2
Dream Beavers,62.5,50-30,80,6
Force of Vigor,62.5,10-6,16,1
"Agent Bishop, Man in Black",62.5,10-6,16,2
Crime // Punishment,62.5,20-12,32,2
Primal Might,62.5,20-12,32,2
Incinerator of the Guilty,62.5,10-6,16,2
Tinybones Joins Up,62.32,43-26,69,5
Collective Defiance,62.07,18-11,29,2
Nezumi Linkbreaker,61.96,101-62,163,11
"Black Panther, Wakandan King",61.9,13-8,21,1
Deepmuck Desperado,61.76,21-13,34,3
It Doesn't Add Up,61.54,16-10,26,3
Prosperity Tycoon,61.29,38-24,62,6
Fling,61.25,49-31,80,6
Deadly Complication,61.22,30-19,49,4
Feed the Swarm,61.11,11-7,18,1
Outlaws' Merriment,61.11,11-7,18,2
Donatello's Technique,60.95,64-41,105,9
Ninja Teen,60.87,28-18,46,4
Mistway Spy,60.78,31-20,51,5
Celeborn the Wise,60.76,48-31,79,4
"Electro, Assaulting Battery",60.61,20-13,33,3
Demonic Ruckus,60.49,49-32,81,5
"Ghired, Mirror of the Wilds",60.47,26-17,43,2
Miles Morales // Ultimate Spider-Man,60.42,29-19,48,3
Caught in the Crossfire,60.29,82-54,136,8
Throw from the Saddle,60.26,141-93,234,16
"Éomer, Marshal of Rohan",60.26,47-31,78,4
Turtle Lair,60.22,56-37,93,8
Goldvein Hydra,60.0,27-18,45,3
Fractured Identity,60.0,21-14,35,2
Doubling Season,60.0,12-8,20,1
Reenact the Crime,60.0,18-12,30,3
Primal Command,60.0,18-12,30,2
Eroded Canyon,59.77,52-35,87,6
Shackle Slinger,59.74,46-31,77,7
Steely Resolve,59.68,37-25,62,3
Outcaster Trailblazer,59.26,32-22,54,5
Realm of Koh,59.26,16-11,27,3
Nightdrinker Moroii,59.15,42-29,71,5
"Jet, Freedom Fighter",59.14,55-38,93,6
Connecting the Dots,59.09,13-9,22,2
Clever Impersonator,59.09,13-9,22,1
Skewer the Critics,58.97,46-32,78,4
Great Train Heist,58.82,30-21,51,4
Bristling Backwoods,58.76,104-73,177,11
The Bath Song,58.73,37-26,63,6
Death in the Family,58.65,61-43,104,8
Aven Interrupter,58.62,17-12,29,2
Zoo Escapees,58.58,99-70,169,17
Boneyard Desecrator,58.56,65-46,111,8
Kraul Whipcracker,58.54,24-17,41,2
"Leonardo, Cutting Edge",58.54,24-17,41,3
"Bill Ferny, Bree Swindler",58.54,24-17,41,3
Scorching Shot,58.43,52-37,89,7
Gila Courser,58.33,28-20,48,4
Bucolic Ranch,58.33,35-25,60,4
"Don & Raph, Hard Science",58.33,35-25,60,5
Doorkeeper Thrull,58.33,14-10,24,3
Monologue Tax (PLST) C21-19,58.33,14-10,24,1
Karlov Watchdog,58.18,32-23,55,5
Planetarium of Wan Shi Tong,57.89,11-8,19,2
"Kellan, Inquisitive Prodigy // Tail the Suspect",57.89,11-8,19,1
Generous Plunderer,57.89,11-8,19,1
Desert's Due,57.87,136-99,235,17
The Cave of Two Lovers,57.84,59-43,102,8
Illicit Masquerade,57.69,15-11,26,2
Mana Drain,57.69,15-11,26,2
"Lita, Little Orphan Amphibian",57.65,49-36,85,9
Break Out,57.63,34-25,59,5
Plan the Heist,57.5,23-17,40,4
Karai's Technique,57.45,27-20,47,4
Betrayal at the Vault,57.36,74-55,129,8
Holy Cow,57.14,128-96,224,18
Case of the Stashed Skeleton,57.14,20-15,35,4
Tyrant's Scorn,57.14,24-18,42,3
The Last Ronin,57.14,12-9,21,2
Spinewoods Armadillo,56.94,41-31,72,7
"Haru, Hidden Talent",56.9,33-25,58,7
"Kambal, Profiteering Mayor",56.86,29-22,51,4
Invasion Reinforcements,56.82,50-38,88,5
Hindering Light,56.72,38-29,67,5
Shepherd of the Clouds,56.67,34-26,60,5
Thoughtseize,56.67,17-13,30,2
Curious Inquiry,56.63,47-36,83,6
"Kylox, Visionary Inventor",56.6,30-23,53,3
Shredder's Armor,56.57,56-43,99,9
Phantom Interference,56.52,130-100,230,17
Turncoat Kunoichi,56.52,26-20,46,3
"Vraska, the Silencer",56.41,22-17,39,2
Team Avatar,56.34,40-31,71,6
Frontier Seeker,56.3,76-59,135,11
Spectacular Spider-Man,56.25,18-14,32,3
Step Between Worlds,56.25,45-35,80,7
Omenport Vigilante,56.25,18-14,32,2
Uglúk of the White Hand,56.25,9-7,16,1
Slickshot Vault-Buster,56.11,101-79,180,17
Archmage's Newt,56.0,14-11,25,3
Harbinger of the Seas,56.0,14-11,25,1
"Rakdos, Patron of Chaos",56.0,14-11,25,2
Due Diligence,55.97,75-59,134,10
Congregation Gryff,55.95,47-37,84,6
Rooftop Assassin,55.9,90-71,161,16
Doctor Doom,55.84,86-68,154,9
Prairie Dog,55.7,44-35,79,6
"Krenko, Baron of Tin Street",55.56,10-8,18,2
Daring Thunder-Thief,55.56,80-64,144,12
Gríma Wormtongue,55.56,25-20,45,3
Detention Sphere,55.56,10-8,18,1
Storm of Saruman,55.56,10-8,18,2
Crime Novelist,55.56,30-24,54,3
"Anti-Venom, Horrifying Healer",55.56,15-12,27,3
Polygraph Orb,55.43,51-41,92,8
Ooze Spill,55.41,41-33,74,6
Foot Mystic,55.34,57-46,103,13
Intrepid Stablemaster,55.22,74-60,134,8
Shadow of the Goblin,55.17,16-13,29,3
Fuss // Bother,55.15,75-61,136,9
"Ertha Jo, Frontier Mentor",55.13,43-35,78,5
Omni-Cheese Pizza,55.02,115-94,209,16
Gandalf the Grey,55.0,11-9,20,2
"Andúril, Flame of the West (LTR) 746z",55.0,22-18,40,2
Private Eye,55.0,33-27,60,5
Frantic Scapegoat,54.95,61-50,111,8
Allies at Last,54.93,78-64,142,11
Everything Pizza,54.9,28-23,51,4
Glint Weaver,54.9,28-23,51,4
"Raph & Mikey, Troublemakers",54.9,28-23,51,4
"Oko, the Ringleader",54.84,17-14,31,2
Anchovy & Banana Pizza,54.76,69-57,126,13
Twin Blades,54.76,46-38,84,6
"Toph, the First Metalbender",54.76,23-19,42,2
"Bruse Tarl, Roving Rancher",54.72,29-24,53,4
Courier of Comestibles,54.65,47-39,86,8
"Théoden, King of Rohan",54.55,42-35,77,5
Coerced to Kill,54.55,36-30,66,4
Wispdrinker Vampire,54.55,24-20,44,4
Grand Abolisher,54.55,12-10,22,1
"Carnage, Crimson Chaos",54.55,18-15,33,2
Bedevil,54.55,18-15,33,2
The Last Agni Kai,54.55,12-10,22,1
Sewer-veillance Cam,54.46,122-102,224,22
"Spider-Gwen, Free Spirit",54.43,86-72,158,12
Innocent Bystander,54.42,80-67,147,13
Hellspur Brute,54.41,37-31,68,6
Grounded for Life,54.39,124-104,228,19
Vanishing Verse,54.35,25-21,46,3
Entish Restoration,54.35,50-42,92,8
Ominous Asylum,54.31,63-53,116,10
Terrific Team-Up,54.29,38-32,70,5
Prehistoric Pet,54.29,19-16,35,3
Jasmine Dragon Tea Shop,54.29,19-16,35,4
Gorbag of Minas Morgul,54.29,19-16,35,3
"Green Goblin, Revenant",54.26,51-43,94,7
"Magda, the Hoardmaster",54.17,13-11,24,3
"Aang, at the Crossroads // Aang, Destined Savior",54.17,13-11,24,1
Shadow of the Enemy,54.17,13-11,24,2
"Fblthp, Lost on the Range",54.1,33-28,61,5
Conduit Pylons,54.07,93-79,172,12
Lost to Legend,54.05,40-34,74,5
High Noon,54.05,20-17,37,3
"Yue, the Moon Spirit",54.05,20-17,37,3
Case of the Crimson Pulse,53.85,21-18,39,3
Trash the Town,53.85,42-36,78,7
"Savanti Romero, Time's Exile",53.85,49-42,91,8
Pest Infestation,53.85,28-24,52,3
"Rocksteady, Crash Courser",53.78,128-110,238,20
The Walls of Ba Sing Se,53.7,29-25,54,3
"Wolverine, Fierce Fighter",53.69,182-157,339,20
Cerebral Confiscation,53.69,80-69,149,11
Reach for the Sky,53.68,102-88,190,16
Galvanize,53.68,102-88,190,14
Bill the Pony,53.66,44-38,82,6
Sharp-Eyed Rookie,53.62,37-32,69,6
Deadeye Duelist,53.61,104-90,194,14
Rivendell,53.57,15-13,28,2
Heartless Pillage,53.42,39-34,73,8
Inventive Wingsmith,53.4,102-89,191,15
"The Sentry, Golden Guardian",53.33,160-140,300,18
Griffnaut Tracker,53.33,120-105,225,16
Unlicensed Hearse,53.33,8-7,15,2
Parker Luck,53.33,16-14,30,2
Dance of the Tumbleweeds,53.29,81-71,152,11
Putrid Pals,53.26,49-43,92,8
Vindictive Warden,53.25,131-115,246,17
Turtle Van,53.25,41-36,77,6
Marauding Sphinx,53.23,33-29,62,6
Journey to Nowhere,53.19,25-22,47,3
Deduce,53.15,76-67,143,13
Scientist Supreme of A.I.M.,53.14,296-261,557,32
"The Mechanist, Aerial Artisan",53.12,17-15,32,4
"Monica Rambeau // Photon, Living Light",53.11,171-151,322,18
Slice from the Shadows,53.1,77-68,145,11
Spring Splasher,53.1,60-53,113,10
Goblin Maskmaker,53.08,69-61,130,13
Tainted Treats,53.06,78-69,147,11
Go Ninja Go,53.06,52-46,98,9
Flourishing Bloom-Kin,53.03,35-31,66,6
Crescent Island Temple,52.99,62-55,117,11
"Hydro-Man, Fluid Felon",52.94,9-8,17,2
Thinking Cap,52.94,90-80,170,10
Harried Dronesmith,52.94,27-24,51,4
"Sting, the Glinting Dagger",52.94,27-24,51,4
On the Job,52.91,91-81,172,12
Paramecia Coloniex,52.86,37-33,70,6
Badgermole,52.85,102-91,193,15
"Mole Man, Moloid Master",52.83,196-175,371,24
Bolrac-Clan Basher,52.78,19-17,36,4
The Unbeatable Squirrel Girl,52.77,200-179,379,23
"Arachne, Psionic Weaver",52.63,20-18,38,2
Sudden Setback,52.63,20-18,38,2
Tin Street Gossip,52.58,51-46,97,9
S.H.I.E.L.D. Flying Car,52.56,185-167,352,22
"Aang, the Last Airbender",52.5,42-38,80,7
Repeat Offender,52.48,74-67,141,16
Rubblebelt Maverick,52.48,74-67,141,14
"Selvala, Eager Trailblazer",52.46,32-29,61,4
"Leonardo, Leader in Blue",52.46,32-29,61,7
The Super Hero Civil War,52.45,150-136,286,18
Patient Naturalist,52.41,76-69,145,12
Mechanized Production,52.38,11-10,21,1
"Lazav, Wearer of Faces",52.38,11-10,21,2
Boom Box,52.33,45-41,86,7
Greenbelt Radical,52.29,57-52,109,9
Oasis Gardener,52.29,80-73,153,16
Offender at Large,52.27,115-105,220,17
"Miriam, Herd Whisperer",52.27,46-42,88,5
Absorbing Man,52.2,154-141,295,20
"Roxanne, Starfall Savant",52.17,12-11,23,3
Chaos Warp,52.17,36-33,69,3
Lumbering Laundry,52.17,12-11,23,2
"Mikey & Don, Party Planners",52.17,12-11,23,2
"General Traag, Heart of Stone",52.13,49-45,94,7
Earth's Mightiest Heroes,52.05,89-82,171,10
"Toph, the Blind Bandit",52.05,38-35,73,7
"Stockman, Mad Fly-entist",52.02,90-83,173,16
Fanatical Strength,52.0,26-24,50,4
How to Start a Riot,51.97,66-61,127,12
Slick Sequence,51.92,27-25,52,5
Seraphic Steed,51.92,27-25,52,3
"Madame Web, Clairvoyant",51.89,55-51,106,8
"Ozai, the Phoenix King",51.85,14-13,27,2
United Front,51.85,28-26,54,4
High-Flying Ace,51.84,127-118,245,21
Dramatic Accusation,51.83,99-92,191,17
Water Tribe Captain,51.82,114-106,220,18
EPF Point Squad,51.75,74-69,143,14
Agency Outfitter,51.72,30-28,58,3
Avengers Disassembled,51.65,204-191,395,25
Treasure Dredger,51.65,47-44,91,8
Aunt May,51.61,32-30,62,4
"Goldberry, River-Daughter",51.61,32-30,62,4
Overzealous Muscle,51.61,112-105,217,14
Stoic Sphinx,51.61,32-30,62,3
Mourner's Surprise,51.59,65-61,126,10
Forum Familiar,51.56,33-31,64,5
Seasoned Consultant,51.55,50-47,97,9
Hotshot Investigators,51.52,85-80,165,13
Surveillance Monitor,51.52,34-32,66,7
Forsaken Miner,51.52,34-32,66,5
Magebane Lizard,51.52,17-16,33,3
Armored Armadillo,51.49,104-98,202,17
"Mai, Scornful Striker",51.47,35-33,68,5
Emergent Haunting,51.46,53-50,103,7
"Wolverine, Best There Is",51.43,18-17,35,2
Wanted Griffin,51.43,108-102,210,17
"Slash, Reptile Rampager",51.43,18-17,35,3
Festering Gulch,51.43,72-68,140,12
Tundra Tank,51.43,18-17,35,4
Endless Detour,51.43,18-17,35,3
Bubble Smuggler,51.41,73-69,142,12
M.O.D.O.K.,51.41,73-69,142,8
"Ty Lee, Chi Blocker",51.39,37-35,72,5
Hedge Whisperer,51.39,37-35,72,5
Mushroom Watchdogs,51.37,75-71,146,13
Case of the Trampled Garden,51.35,38-36,74,9
Longhorn Sharpshooter,51.35,76-72,148,13
Does Machines,51.35,19-18,37,3
Lost Isle Calling,51.35,19-18,37,2
Crimestopper Sprite,51.32,97-92,189,15
Barbed Servitor,51.32,39-37,76,4
Ruthless Lawbringer,51.3,59-56,115,7
Uneasy Alliance,51.27,81-77,158,13
Accumulate Wisdom,51.22,42-40,82,5
Suspicious Detonation,51.21,127-121,248,18
Rustler Rampage,51.19,43-41,84,8
"Koya, Death from Above",51.19,43-41,84,7
"Hulk, Gamma Goliath",51.17,372-355,727,46
The One Ring,51.16,22-21,43,3
Energybending,51.16,44-42,86,7
Mondo Gecko,51.16,22-21,43,3
Form a Posse,51.14,45-43,88,7
"Lizard, Connors's Curse",51.11,23-22,45,3
Barad-dûr,51.11,23-22,45,3
J. Jonah Jameson,51.11,23-22,45,4
Unscrupulous Agent,51.11,69-66,135,11
Benevolent River Spirit,51.09,47-45,92,8
Shire Scarecrow,51.08,95-91,186,13
You Cannot Pass!,51.04,49-47,96,8
Frodo Baggins,51.02,50-48,98,7
"Splinter, Hamato Yoshi",51.0,51-49,100,11
Inside Source,50.99,103-99,202,18
"Captain America, First Avenger",50.91,28-27,55,3
Exit Specialist,50.91,28-27,55,3
Spider-Man 2099,50.88,29-28,57,4
Hamato Guardian Stance,50.87,88-85,173,15
Glider Kids,50.85,120-116,236,15
"Ty Lee, Artful Acrobat",50.82,62-60,122,10
"Prowler, Clawed Thief",50.82,31-30,61,6
Quilled Charger,50.77,66-64,130,13
"Jennika, Bad Apple Big Sister",50.77,99-96,195,21
Sterling Supplier,50.75,135-131,266,17
Quick Draw,50.74,103-100,203,19
Silver Deputy,50.72,141-137,278,22
Slickshot Show-Off,50.67,38-37,75,5
Red Herring,50.66,115-112,227,17
"Leader, Super-Genius",50.66,154-150,304,21
"Attuma, Atlantean Warlord",50.65,427-416,843,49
"Jolene, Plundering Pugilist",50.65,39-38,77,7
Badlands Revival,50.65,39-38,77,6
"Bonny Pall, Clearcutter",50.63,40-39,79,5
Krovod Haunch,50.63,40-39,79,6
Buzzard-Wasp Colony,50.63,40-39,79,5
Granite Witness,50.62,81-79,160,13
Null Group Biological Assets,50.58,87-85,172,15
Grey Havens Navigator,50.56,91-89,180,15
Repulsive Mutation,50.55,46-45,91,7
Yip Yip!,50.5,102-100,202,20
"Spider-Woman, Secret Agent",50.47,323-317,640,43
Rhino's Rampage,50.36,69-68,137,10
Felonious Rage,50.27,94-93,187,13
Mirage Mesa,50.27,92-91,183,13
Mutant Chain Reaction,50.27,92-91,183,16
Snarling Warg,50.25,102-101,203,16
Asgardian Citadel,50.12,414-412,826,48
"Yellowjacket, Heartless Marauder",50.06,423-422,845,51
Rakish Crew,50.0,54-54,108,7
Terminal Agony,50.0,21-21,42,3
Expedited Inheritance,50.0,15-15,30,2
Krenko's Buzzcrusher,50.0,20-20,40,3
Scorpion's Sting,50.0,108-108,216,18
Voracious Varmint,50.0,109-109,218,17
Creosote Heath,50.0,47-47,94,8
Frog Butler,50.0,65-65,130,12
Jaded Analyst,50.0,45-45,90,9
Faerie Snoop,50.0,30-30,60,6
Press the Enemy,50.0,20-20,40,4
Notion Thief,50.0,11-11,22,2
"The Balrog, Durin's Bane",50.0,20-20,40,3
Discerning Peddler,50.0,90-90,180,14
Scalestorm Summoner,50.0,11-11,22,2
Sandstorm Verge,50.0,82-82,164,10
Fugitive Codebreaker,50.0,24-24,48,4
Failed Fording,50.0,81-81,162,11
A Killer Among Us,50.0,22-22,44,3
Epic Downfall,50.0,28-28,56,6
"April, Reporter of the Weird",50.0,15-15,30,2
Hide in Plain Sight,50.0,13-13,26,2
"Thor, God of Thunder",50.0,182-182,364,20
Aang's Iceberg,50.0,12-12,24,4
Badgermole Cub,50.0,18-18,36,2
Krang & Shredder,50.0,21-21,42,6
King of the Oathbreakers,50.0,18-18,36,2
Kraven the Hunter,50.0,14-14,28,4
March from the Black Gate,50.0,16-16,32,3
Mindslaver,50.0,9-9,18,2
Thunder Lasso,50.0,72-72,144,9
Rancor,50.0,22-22,44,2
"Rakdos, the Muscle",50.0,19-19,38,2
Underground Mortuary,50.0,12-12,24,2
Doc Ock's Tentacles,50.0,8-8,16,2
Akul the Unrepentant,50.0,18-18,36,4
Chrome Dome,50.0,17-17,34,3
Tom Bombadil,50.0,12-12,24,2
Technodrome,50.0,8-8,16,1
Cosmic Spider-Man,50.0,8-8,16,2
Desert,50.0,14-14,28,2
First-Time Flyer,49.82,136-137,273,23
The Vision,49.82,137-138,275,20
Skyward Spider,49.79,117-118,235,20
Djinn of Fool's Fall,49.75,100-101,201,17
"Captain America, Super-Soldier",49.74,96-97,193,13
Flexible Waterbender,49.72,88-89,177,18
Outlaws' Fury,49.68,77-78,155,12
Ragamuffin Raptor,49.66,73-74,147,15
Giant Beaver,49.64,137-139,276,20
Explosive Derailment,49.62,66-67,133,13
"Sokka, Lateral Strategist",49.61,63-64,127,10
Abraded Bluffs,49.61,63-64,127,8
Enter the Avatar State,49.59,61-62,123,10
Make Your Own Luck,49.59,60-61,121,9
Concealed Weapon,49.56,56-57,113,7
"Mjölnir, Hammer of Thor",49.54,107-109,216,14
Raven of Fell Omens,49.48,95-97,192,15
"Bebop, Warthog Warrior",49.47,93-95,188,19
"Patriot, Shield Wielder",49.46,412-421,833,51
Rubblebelt Braggart,49.46,46-47,93,12
Curious Cadaver,49.45,45-46,91,9
The Spirit Oasis,49.44,44-45,89,6
Eriette's Lullaby,49.44,88-90,178,15
Forlorn Flats,49.43,43-44,87,8
Dragonfly Swarm,49.37,78-80,158,13
Nervous Gardener,49.35,76-78,154,13
Clandestine Meddler,49.35,38-39,77,5
Case File Auditor,49.32,36-37,73,5
At Knifepoint,49.32,36-37,73,4
Henchbots,49.3,35-36,71,7
"Pizza Face, Gastromancer",49.3,35-36,71,9
Getaway Glamer,49.3,70-72,142,9
Wisecrack,49.25,33-34,67,6
Electrodominance,49.25,33-34,67,6
"Spider-Man, To the Rescue",49.24,454-468,922,59
Nasty End,49.23,96-99,195,14
Vengeful Townsfolk,49.22,95-98,193,17
Lessons from Life,49.21,31-32,63,6
Nurturing Pixie,49.18,30-31,61,5
Flying Octobot,49.14,57-59,116,11
Not on My Watch,49.12,56-58,114,9
Case of the Filched Falcon,49.12,28-29,57,5
Rabaroo Troop,49.09,108-112,220,19
Earth Kingdom General,49.09,54-56,110,8
Rising of the Day,49.02,50-52,102,10
"Zuko, Conflicted",49.02,25-26,51,6
Friendly Rivalry,49.02,25-26,51,5
Vibrant Cityscape,48.99,73-76,149,12
Slime Against Humanity,48.97,95-99,194,16
"Faramir, Field Commander",48.97,71-74,145,10
Earth Rumble,48.96,47-49,96,7
"Shang-Chi, Master of Kung Fu",48.95,93-97,190,11
Lush Oasis,48.94,46-48,94,11
"Mysterio, Master of Illusion",48.94,23-24,47,3
"Night Nurse, Healer of Heroes",48.92,429-448,877,55
Robotics Mastery,48.92,68-71,139,10
Wrangler of the Damned,48.91,45-47,92,8
Caustic Bronco,48.89,22-23,45,3
Galadhrim Guide,48.88,109-114,223,19
North Pole Gates,48.84,42-44,86,8
Three Steps Ahead,48.84,21-22,43,4
"Michelangelo, Mutant BFF",48.84,42-44,86,8
Razzle-Dazzler,48.83,125-131,256,19
H.E.R.B.I.E. Scout Unit,48.81,821-861,1682,98
Negate,48.78,40-42,82,13
True Ancestry,48.76,59-62,121,10
Airtight Alibi,48.75,117-123,240,19
"Captain America, Living Legend",48.72,401-422,823,50
Baxter Stockman,48.72,19-20,39,8
Mysterio's Phantasm,48.7,150-158,308,28
Madame Masque,48.67,439-463,902,51
Super Strength,48.65,702-741,1443,88
Presumed Dead,48.65,18-19,37,4
Mirrormere Guardian,48.65,108-114,222,15
Flotsam // Jetsam,48.65,18-19,37,5
Jennifer Walters // The Sensational She-Hulk,48.64,107-113,220,12
Atlantis Attacks,48.62,774-818,1592,96
Loxodon Eavesdropper,48.61,35-37,72,6
Tenth District Hero,48.61,35-37,72,4
Illegitimate Business,48.59,86-91,177,18
Gravestone Strider,48.55,84-89,173,13
"Hawkeye, Young Avenger",48.54,399-423,822,52
Take the Fall,48.54,50-53,103,10
Unfortunate Accident,48.53,33-35,68,4
"Spiders-Man, Heroic Horde",48.51,65-69,134,10
"Justice, Vance Astrovik",48.5,405-430,835,55
Roxxon Brutes,48.48,684-727,1411,89
Dimensional Exile,48.48,32-34,66,7
Long List of the Ents,48.48,32-34,66,4
Hard Evidence (PLST) MH2-46,48.48,16-17,33,2
Ankle Biter,48.47,95-101,196,14
Auspicious Arrival,48.44,109-116,225,17
Glorious Gale,48.44,31-33,64,7
Gadget Technician,48.41,61-65,126,11
Foot Headquarters,48.39,105-112,217,21
Eliminate the Impossible,48.39,15-16,31,3
Museum Nightwatch,48.37,89-95,184,14
Relentless Rohirrim,48.37,89-95,184,16
Erebor Flamesmith,48.34,73-78,151,12
Cycle of Renewal,48.31,57-61,118,9
Makeshift Binding,48.31,57-61,118,10
Maximum Carnage,48.28,28-30,58,5
"Krang, Master Mind",48.28,14-15,29,3
Guac & Marshmallow Pizza,48.26,83-89,172,16
"Gollum, Patient Plotter",48.25,55-59,114,11
Branch of Vitu-Ghazi,48.19,40-43,83,6
Soothing of Sméagol,48.16,118-127,245,17
"Bumi, King of Three Trials",48.15,26-28,54,4
Massacre Girl,48.15,26-28,54,3
Earth Rumble Wrestlers,48.11,102-110,212,16
Helicarrier Strike,48.08,753-813,1566,95
Fire Nation Engineer,48.08,25-27,52,4
Fated Firepower,48.08,25-27,52,4
Honest Rutstein,48.05,37-40,77,8
It'll Quench Ya!,48.02,109-118,227,19
World War Hulk,48.0,204-221,425,26
Sample Collector,48.0,12-13,25,4
The Battle of Bywater,48.0,12-13,25,2
Super Speed,47.98,737-799,1536,95
Azula Always Lies,47.98,83-90,173,18
Pet Avengers,47.97,709-769,1478,88
"Colleen Wing, Street Samurai",47.96,412-447,859,51
Hell's Kitchen,47.96,306-332,638,45
"Tombstone, Career Criminal",47.96,47-51,98,10
Rumble Arena,47.95,70-76,146,12
Dai Li Agents,47.95,35-38,73,6
Training Compound,47.92,219-238,457,30
"Lord Dregg, Insect Invader",47.92,23-25,48,7
The Key to the Vault,47.92,23-25,48,3
Cruel Alliance,47.91,676-735,1411,84
"Nick Fury, Agent of S.H.I.E.L.D.",47.91,195-212,407,27
Vision Quest,47.89,136-148,284,19
"Bullseye, Death Dealer",47.88,395-430,825,51
Fisk Tower,47.87,428-466,894,57
Shelob's Ambush,47.87,90-98,188,17
Sheriff of Safe Passage,47.87,45-49,94,9
Foggy Bottom Swamp,47.86,67-73,140,10
University Campus,47.85,100-109,209,15
Burden of Proof,47.83,22-24,46,3
"Éowyn, Fearless Knight",47.83,11-12,23,2
Aang's Journey,47.81,109-119,228,21
Hero in Training,47.8,760-830,1590,99
Geyser Drake,47.8,76-83,159,12
Shifting Grift,47.79,65-71,136,12
Stop Cold,47.78,97-106,203,16
Make Your Move,47.77,118-129,247,28
"Titania, Rugged Rumbler",47.77,310-339,649,40
Fire Nation Cadets,47.75,106-116,222,19
"Kang, Temporal Tyrant",47.7,415-455,870,55
Old Man Willow,47.69,31-34,65,5
"Ant-Man, Colony Commander",47.68,359-394,753,44
Mighty Mutanimals,47.67,41-45,86,9
Octopus Form,47.66,112-123,235,20
"Donatello, Turtle Techie",47.66,51-56,107,10
"Viv Vision, Teen Synthezoid",47.64,323-355,678,42
Dependable Quinjet,47.63,634-697,1331,87
Firebender Ascension,47.62,30-33,63,5
Saved by the Shell,47.62,10-11,21,4
Commandeer,47.62,20-22,42,4
"Iron Man, Titan of Innovation",47.62,10-11,21,1
Baron Helmut Zemo,47.6,109-120,229,18
Costume Closet,47.59,69-76,145,13
Mirkwood Spider,47.59,79-87,166,12
Cold Case Cracker,47.59,69-76,145,12
Lassoed by the Law,47.58,59-65,124,9
"Moonstone, Harsh Mistress",47.55,310-342,652,41
Stark Industries,47.55,495-546,1041,63
Tumbleweed Rising,47.54,58-64,122,9
Sanitation Automaton,47.52,48-53,101,8
Hour of Defeat,47.51,620-685,1305,79
Restorative Technique,47.51,724-800,1524,93
Great Hall of the Citadel,47.51,86-95,181,13
Lórien Revealed,47.5,95-105,200,17
Mordor Muster,47.5,57-63,120,11
Oscorp Research Team,47.47,103-114,217,18
"Red Guardian, Super-Soldier",47.44,352-390,742,46
Spider-Sense,47.44,37-41,78,5
"Taskmaster, Mercenary Mimic",47.44,222-246,468,30
Spicy Oatmeal Pizza,47.44,37-41,78,7
Savage Land Dinosaur,47.43,746-827,1573,99
Agents of S.H.I.E.L.D.,47.42,707-784,1491,97
Fake Your Own Death,47.41,64-71,135,9
Blazing Crescendo,47.39,763-847,1610,95
"Beast, Erudite Aerialist",47.38,334-371,705,43
Repulse,47.37,9-10,19,3
"The Gitrog, Ravenous Ride",47.37,18-20,38,4
Aurelia's Vindicator,47.37,9-10,19,3
Iroh's Demonstration,47.37,63-70,133,9
"Mai, Jaded Edge",47.37,9-10,19,3
"Grishnákh, Brash Instigator",47.37,18-20,38,3
Master Piandao,47.37,18-20,38,5
Concerted Effort,47.37,9-10,19,1
Giant-Sized Flying Ant,47.35,652-725,1377,87
Bridled Bighorn,47.34,80-89,169,14
Inner Demons Gangsters,47.34,89-99,188,16
Ice Cream Kitty,47.34,80-89,169,18
Stomped by the Foot,47.34,89-99,188,22
Fire Sages,47.33,62-69,131,10
"Grim Reaper, Lethal Legionnaire",47.3,341-380,721,44
Neighborhood Guardian,47.3,35-39,74,6
Raft Security Officer,47.28,738-823,1561,92
Avengers Tower,47.27,407-454,861,51
Mind Transfer Protocol,47.27,52-58,110,14
"Teysa, Opulent Oligarch",47.25,43-48,91,6
Murder,47.24,77-86,163,12
Sterling Keykeeper,47.23,128-143,271,22
Super Suit,47.22,670-749,1419,88
"Echo, Perceptive Prodigy",47.22,340-380,720,43
Festerleech,47.22,51-57,108,9
Blood Hustler,47.22,17-19,36,4
Airship Engine Room,47.22,34-38,72,7
"Pippin, Guard of the Citadel",47.22,17-19,36,4
Pitiless Carnage,47.22,17-19,36,2
"Elektra, Daughter of the Hand",47.2,228-255,483,28
Fire Nation Warship,47.19,42-47,89,7
"Okoye, Dora Milaje Leader",47.16,291-326,617,41
Ember Island Production,47.14,33-37,70,5
"Bilbo, Retired Burglar",47.14,66-74,140,13
Horn of the Mark,47.14,33-37,70,5
"The Mighty Thor, Jane Foster",47.11,163-183,346,23
"Scarlet Spider, Kaine",47.11,57-64,121,14
Airbending Lesson,47.09,105-118,223,19
"Raphael, Tough Turtle",47.09,81-91,172,20
Vision of Love,47.06,735-827,1562,90
Fomori Vault,47.06,8-9,17,1
Treacherous Terrain (PLST) C16-47,47.06,8-9,17,1
"Fangorn, Tree Shepherd",47.06,8-9,17,1
Undercover Skrull,47.03,769-866,1635,98
Project Deathlok Soldier,47.02,607-684,1291,84
"Cloak and Dagger, Entwined",47.01,220-248,468,30
"Speed, Young Avenger",47.0,408-460,868,56
Avengers Hangar,46.99,382-431,813,52
Slip On the Ring,46.99,78-88,166,13
"Mister Hyde, Monster Within",46.98,350-395,745,46
Pillar Launch,46.97,62-70,132,13
Airbender's Reversal,46.97,31-35,66,7
Cosmic Cube,46.95,100-113,213,15
Convenient Target,46.94,23-26,49,5
"Mauhúr, Uruk-hai Captain",46.94,23-26,49,6
Pippin's Bravery,46.92,122-138,260,19
Thor Odinson,46.91,304-344,648,44
Full Steam Ahead,46.91,38-43,81,5
Voracious Fell Beast,46.91,38-43,81,8
"Oroku Saki, Shredder Rising",46.9,53-60,113,12
"White Widow, Free Agent",46.88,330-374,704,48
Bold Biochemist,46.88,692-784,1476,93
Madame Hydra,46.88,474-537,1011,61
Rambling Possum,46.88,45-51,96,9
Steer Clear,46.86,97-110,207,14
Birnin Zana Plaza,46.86,500-567,1067,68
The Ooze,46.81,22-25,47,5
Trick Shot,46.8,117-133,250,24
Eastfarthing Farmer,46.79,73-83,156,15
Stark Industries Executive,46.77,687-782,1469,90
Dog Walker,46.77,123-140,263,20
Tunnel Rats,46.76,65-74,139,15
Glider Staff,46.74,43-49,92,9
Multiversal Incursion,46.73,93-106,199,14
Doc Ock's Henchmen,46.72,114-130,244,19
Falcon's Wing Harness,46.68,253-289,542,37
Seize the Secrets,46.67,35-40,75,8
Dark Fortress,46.67,266-304,570,35
Smite the Deathless,46.67,105-120,225,18
Humiliate,46.67,21-24,45,6
Stagecoach Security,46.67,70-80,150,12
"Scarlet Spider, Ben Reilly",46.67,28-32,60,6
Waterbending Scroll,46.67,14-16,30,4
Drover Grizzly,46.67,77-88,165,17
"Kitsune, Dragon's Daughter",46.67,7-8,15,3
Hard-Won Jitte,46.67,56-64,120,12
Decimate,46.67,14-16,30,3
"War Machine, Legacy of Iron",46.65,397-454,851,51
Corrupted Conviction,46.62,131-150,281,21
"Doc Ock, Sinister Scientist",46.61,117-134,251,17
Sterling Hound,46.61,103-118,221,15
Canyon Crab,46.58,34-39,73,6
Ant-Man's Army,46.56,772-886,1658,105
"Human Torch, Johnny Storm",46.56,392-450,842,51
Web Up,46.52,761-875,1636,103
Compassionate Healer,46.52,107-123,230,19
Earth Kingdom Protectors,46.51,60-69,129,10
"Shagrat, Loot Bearer",46.51,20-23,43,3
Powerful Broker,46.5,717-825,1542,96
"Swarm, Being of Bees",46.48,132-152,284,27
Taxi Driver,46.48,119-137,256,18
"Klaw, Sonic Subjugator",46.47,309-356,665,43
"Denethor, Ruling Steward",46.46,46-53,99,10
Bristlepack Sentry,46.45,85-98,183,15
Visions of Villainy,46.43,644-743,1387,88
Prickly Pair,46.43,91-105,196,15
Vault Plunderer,46.43,39-45,84,10
Red Hulk,46.42,337-389,726,49
Kree Commandos,46.42,706-815,1521,91
Agents of HYDRA,46.4,799-923,1722,106
Surveillance Room,46.4,747-863,1610,98
Pym Technologies,46.4,483-558,1041,65
Action News Crew,46.4,58-67,125,14
Pain 101,46.39,90-104,194,19
The Serpent Society,46.39,167-193,360,24
Path to Redemption,46.38,109-126,235,20
"Scorpion, Seething Striker",46.38,64-74,138,11
"Vial Smasher, Gleeful Grenadier",46.38,32-37,69,6
Terror of the Peaks,46.38,32-37,69,5
HYDRA Assault Robot,46.37,716-828,1544,96
S.H.I.E.L.D. Spy Kit,46.36,777-899,1676,107
Arwen's Gift,46.34,57-66,123,11
Dimension X,46.33,82-95,177,20
Spectacular Tactics,46.3,144-167,311,24
"Venom, Evil Unleashed",46.29,131-152,283,26
Wandering Musicians,46.29,81-94,175,19
"Satoru, the Infiltrator",46.27,31-36,67,5
Reasonable Doubt,46.26,68-79,147,13
Lothlórien Lookout,46.25,37-43,80,8
Crowd of True Believers,46.22,715-832,1547,100
Shower of Arrows,46.21,67-78,145,12
Jailbreak Scheme,46.2,73-85,158,13
Rapid Rescue,46.17,729-850,1579,98
Water Tribe Rallier,46.15,18-21,39,5
Essence of Antiquity,46.15,42-49,91,7
East Wind Avatar,46.15,78-91,169,20
Gift of Strands,46.15,18-21,39,3
Colossal Rattlewurm,46.15,18-21,39,2
"Gandalf, Friend of the Shire",46.15,18-21,39,4
Kree Sentinel,46.13,751-877,1628,95
"U.S.Agent, John Walker",46.13,352-411,763,54
Utrom Scientists,46.12,113-132,245,21
Futurist Forge,46.1,674-788,1462,87
Red Room Recruit,46.09,701-820,1521,95
Sinister Hideout,46.09,106-124,230,18
Escape Tunnel,46.06,158-185,343,32
Venom's Hunger,46.04,128-150,278,21
Lush Portico,46.03,29-34,63,4
Vengeful Tracker,46.03,29-34,63,4
Sanguine Savior,46.02,104-122,226,19
Secret Invasion,46.02,104-122,226,18
Outlaw Medic,46.02,81-95,176,15
Robot Domination,46.01,415-487,902,59
Freestrider Commando,46.01,98-115,213,21
"Wraith, Vicious Vigilante",46.01,75-88,163,12
Rewrite History,46.01,317-372,689,44
Knight of Wundagore,45.99,551-647,1198,80
Repulsor Blast,45.99,735-863,1598,98
Truck Toss,45.99,298-350,648,43
"Momo, Friendly Flier",45.98,40-47,87,6
"Momo, Playful Pet",45.98,40-47,87,10
Mountain,45.96,979-1151,2130,135
Swamp,45.96,968-1138,2106,140
Iron Man Armor,45.96,74-87,161,10
Ultimate Green Goblin,45.95,17-20,37,3
Vengeful Villagers,45.95,34-40,74,6
Death to Our Enemies,45.93,367-432,799,52
The Lion-Turtle,45.92,45-53,98,9
Buried in the Garden,45.92,45-53,98,6
Bombadil's Song,45.91,73-86,159,15
Retro-Mutation,45.9,56-66,122,13
Deadly Precision,45.88,78-92,170,16
"Hulkling, Burgeoning Bruiser",45.87,350-413,763,48
Wakandan Drone Flock,45.86,682-805,1487,96
Olog-hai Crusher,45.86,61-72,133,10
"White Tiger, Ava Ayala",45.85,370-437,807,50
Hydraulic Helper,45.84,754-891,1645,101
"Falcon, Winged Wonder",45.84,336-397,733,52
Ninja of the Hand,45.83,693-819,1512,94
Loki Laufeyson,45.83,368-435,803,50
"Ezrim, Agency Chief",45.83,11-13,24,3
Super-Skrull,45.83,198-234,432,28
"Michelangelo, Game Master",45.83,88-104,192,20
Bitter Downfall,45.83,22-26,48,4
"Faramir, Prince of Ithilien",45.83,11-13,24,2
Gleaming Geardrake,45.83,22-26,48,4
Analyze the Pollen,45.83,11-13,24,2
Callous Inspector,45.81,71-84,155,14
"Gothmog, Morgul Lieutenant",45.8,60-71,131,13
Vengeful Creeper,45.79,98-116,214,16
Shock,45.79,174-206,380,38
Boomerang Basics,45.78,38-45,83,8
Super Intelligence,45.78,293-347,640,41
Hidden Lair,45.78,233-276,509,32
Intimidation Campaign,45.78,38-45,83,8
Basilica Stalker,45.77,119-141,260,24
"Jessica Jones, Private Eye",45.77,368-436,804,51
HULK SMASH!,45.76,659-781,1440,92
Guy in the Chair,45.76,81-96,177,20
Nimble Brigand,45.76,27-32,59,4
Eagles of the North,45.75,113-134,247,20
Wakandan Royal Guard,45.72,795-944,1739,102
Blacksnag Buzzard,45.72,123-146,269,25
Delighted Halfling,45.71,32-38,70,5
Grow Extra Arms,45.7,138-164,302,25
Beastbond Outcaster,45.68,37-44,81,6
"Hawkeye, Master Marksman",45.66,179-213,392,23
Suburban Sanctuary,45.66,100-119,219,19
Call Damage Control,45.65,672-800,1472,93
Relive the Past,45.65,21-25,46,4
Hawkeye's Bow,45.65,704-838,1542,93
Bruce Banner // The Incredible Hulk,45.65,84-100,184,11
"Long Feng, Grand Secretariat",45.65,63-75,138,12
"Zhao, the Moon Slayer",45.65,21-25,46,5
Chance-Met Elves,45.64,68-81,149,13
Trickster's Stratagem,45.63,725-864,1589,99
Castle Doom,45.63,162-193,355,22
"Loki, God of Mischief",45.62,146-174,320,27
Borough Backup,45.61,707-843,1550,98
"Rick Jones, Destined Sidekick",45.59,388-463,851,53
Villainous Hideout,45.55,271-324,595,37
Subterranean Cavern,45.53,402-481,883,58
Punishing Punch,45.49,318-381,699,44
Risky Research,45.49,131-157,288,26
Guerrilla Gorilla,45.48,719-862,1581,100
"Hercules, Prince of Power",45.47,437-524,961,61
Reconnaissance Mission,45.45,15-18,33,2
Turtle-Duck,45.45,90-108,198,17
Mouser Attack!,45.45,105-126,231,25
Inspiring Vantage,45.45,30-36,66,5
Earth Kingdom Soldier,45.45,50-60,110,9
"Karai, Future of the Foot",45.45,20-24,44,4
Horn of Greed,45.45,15-18,33,2
Cryptex,45.45,15-18,33,2
Meticulous Archive,45.45,15-18,33,2
Frozen in Ice,45.43,731-878,1609,102
The Wondrous Wasp,45.43,194-233,427,24
Mirkwood Bats,45.42,119-143,262,21
Lightning Strike,45.41,781-939,1720,113
HYDRA Infiltration,45.38,604-727,1331,85
Hardbristle Bandit,45.38,59-71,130,11
Riftburst Hellion,45.38,59-71,130,13
Manhole Missile,45.38,59-71,130,15
"Agent 13, Sharon Carter",45.36,269-324,593,39
Ran and Shaw,45.33,34-41,75,7
Team Tactics,45.32,358-432,790,51
Ride Down,45.31,29-35,64,6
Agent Phil Coulson,45.31,111-134,245,15
"Hellcat, Undying Vigilante",45.29,404-488,892,57
Sold Out,45.28,96-116,212,20
Ka-Zar of the Savage Land,45.27,330-399,729,48
"Iron Lad, Diverging Destiny",45.27,292-353,645,41
The Ruinous Wrecking Crew,45.26,186-225,411,28
"Suki, Kyoshi Warrior",45.26,62-75,137,11
"Wiccan, Rising Magician",45.24,409-495,904,56
Escape from Orthanc,45.24,76-92,168,14
Deserter's Disciple,45.24,95-115,210,18
Snakeskin Veil,45.24,38-46,84,9
TCRI Building,45.24,57-69,126,15
"Katara, Bending Prodigy",45.24,38-46,84,8
Fleeting Reflection,45.24,19-23,42,4
We Say Thee Nay!,45.2,655-794,1449,91
"Avatar Aang // Aang, Master of Elements",45.16,14-17,31,3
Persuasive Interrogators,45.16,14-17,31,3
K'un-Lun Warrior,45.16,769-934,1703,108
Origin of the Avengers,45.16,98-119,217,18
Ent-Draught Basin,45.16,14-17,31,4
Fugitive Droid,45.16,14-17,31,3
"Obeka, Splitter of Seconds",45.16,14-17,31,3
Saber-Tooth Moose-Lion,45.12,74-90,164,13
Rohirrim Lancer,45.12,74-90,164,11
Rebellious Captives,45.11,83-101,184,16
Thunder Salvo,45.11,83-101,184,14
Claim the Kingdom,45.1,336-409,745,48
Kang the Conqueror,45.1,69-84,153,10
Earth Kingdom Jailer,45.1,23-28,51,4
Leering Onlooker,45.1,23-28,51,4
Spider Manifestation,45.09,147-179,326,25
Kingpin's Enforcers,45.07,768-936,1704,104
Super-Adaptoid,45.05,182-222,404,24
Case of the Burning Masks,45.05,41-50,91,7
Island,45.03,937-1144,2081,133
"Whiplash, Vengeful Engineer",45.03,317-387,704,46
"Spider-Rex, Daring Dino",45.0,90-110,200,17
Grindstone,45.0,9-11,20,1
Combine Chrysalis (PLST) MH2-191,45.0,9-11,20,1
"Etrata, Deadly Fugitive",45.0,9-11,20,1
Treason of Isengard,44.98,94-115,209,20
Unliving Legionnaire,44.97,680-832,1512,99
Corrupt Court Official,44.97,85-104,189,15
Murdock's Crusade,44.95,667-817,1484,94
"Crossbones, Malicious Mercenary",44.95,307-376,683,48
Person of Interest,44.95,89-109,198,16
Serpent Specialist,44.94,693-849,1542,101
The Masters of Evil,44.93,412-505,917,59
"Casey Jones, Jury-Rig Justiciar",44.93,31-38,69,7
Kraven's Last Hunt,44.93,31-38,69,6
Symbiote Spider-Man,44.93,31-38,69,6
Crimson Operative,44.9,691-848,1539,97
"Glóin, Dwarf Emissary",44.9,22-27,49,3
Earth King's Lieutenant,44.9,22-27,49,5
Mystical Tether,44.87,70-86,156,14
"Wylie Duke, Atiin Hero",44.87,35-43,78,7
"Captain Mar-Vell, Space-Born",44.85,248-305,553,40
The Kingpin of Crime,44.85,222-273,495,31
Mutant Town,44.85,87-107,194,20
Decoy Ploy,44.83,551-678,1229,83
"Legolas, Counter of Kills",44.83,52-64,116,10
Brilliance Unleashed,44.83,26-32,58,5
Fall of Cair Andros,44.83,13-16,29,2
Giant Growth,44.8,706-870,1576,95
"Daredevil, Man Without Fear",44.76,175-216,391,24
Stolen Stark Tech,44.75,742-916,1658,105
"Quake, Agent of S.H.I.E.L.D.",44.75,273-337,610,39
A.I.M. Scientists,44.73,722-892,1614,102
The Mind Stone,44.73,106-131,237,15
"Zog, Triceraton Castaway",44.72,72-89,161,16
Brave Brawler,44.7,691-855,1546,96
Lonely Arroyo,44.68,21-26,47,6
"Tolsimir, Midnight's Light",44.68,21-26,47,4
Origin of Metalbending,44.65,96-119,215,17
"Mockingbird, Ace Agent",44.64,354-439,793,50
Take Up the Shield,44.64,675-837,1512,97
Mine Raider,44.64,104-129,233,21
"Spider-Byte, Web Warden",44.64,50-62,112,10
Extract a Confession,44.64,25-31,56,6
Dreadful as the Storm,44.62,87-108,195,16
Slickshot Lockpicker,44.62,29-36,65,7
"Stature, Size Shifter",44.61,352-437,789,50
Morbius the Living Vampire,44.59,66-82,148,13
Damage Control Crew,44.59,70-87,157,13
Passenger Ferry,44.57,119-148,267,21
Warbeast of Gorgoroth,44.57,78-97,175,13
A.I.M. Synthoids,44.56,729-907,1636,100
Gearbane Orangutan,44.55,49-61,110,11
"She-Hulk, Jade Defender",44.54,302-376,678,42
S.H.I.E.L.D. Helicarrier,44.49,331-413,744,49
They Went This Way,44.44,96-120,216,15
Sandbenders' Storm,44.44,68-85,153,14
Arwen Undómiel,44.44,20-25,45,4
Demand Answers,44.44,32-40,72,7
Candlestick,44.44,20-25,45,5
"Niv-Mizzet, Guildpact",44.44,16-20,36,3
Knife,44.44,16-20,36,4
"Mister Fantastic, Reed Richards",44.42,386-483,869,56
Macabre Reconstruction,44.4,115-144,259,19
Kyoshi Battle Fan,44.38,79-99,178,16
Panther Pounce,44.37,591-741,1332,87
Eerie Gravestone,44.35,106-133,239,22
Luxurious Locomotive,44.34,47-59,106,10
Back for More,44.32,39-49,88,8
Iron-Fist Pulverizer,44.31,113-142,255,25
Rakish Scoundrel,44.3,66-83,149,12
Stegron the Dinosaur Man,44.3,105-132,237,22
"Winter Soldier, Icy Assassin",44.29,190-239,429,28
Abrupt Decay,44.29,31-39,70,5
Super-Soldier Serum,44.28,147-185,332,21
Tunnel Tipster,44.25,77-97,174,14
Defenestrated Phantom,44.24,73-92,165,12
"Spider-Man, Brooklyn Visionary",44.23,115-145,260,19
"Spider-Slayer, Hatred Honed",44.23,46-58,104,10
Fire of Orthanc,44.23,46-58,104,10
Harrier Strix,44.22,65-82,147,16
Kapow!,44.21,84-106,190,18
Daily Bugle Building,44.19,57-72,129,13
Gwen Stacy // Ghost-Spider,44.19,19-24,43,4
Stingerback Terror,44.19,19-24,43,5
"Ghost, Spectral Saboteur",44.18,395-499,894,57
"Reptil, Dinomorpher",44.16,295-373,668,47
"Baron Strucker, HYDRA Overlord",44.16,310-392,702,45
"Quicksilver, Brash Blur",44.13,169-214,383,28
Gather the White Lotus,44.12,30-38,68,5
Chalk Outline,44.12,15-19,34,2
Vibranium Energy Daggers,44.11,651-825,1476,92
"Black Panther, Vanguard",44.11,341-432,773,52
"Swordsman, Sharp Scoundrel",44.1,340-431,771,50
Fog on the Barrow-Downs,44.1,101-128,229,18
Bite Down on Crime,44.09,97-123,220,18
"Spider-Girl, Legacy Hero",44.09,41-52,93,8
Go Nuts!,44.07,621-788,1409,89
Electro's Bolt,44.07,104-132,236,25
"Ultron, Artificial Malevolence",44.06,89-113,202,12
"Ares, God of War",44.05,148-188,336,23
Fierce Retribution,44.05,37-47,84,7
Web-Warriors,44.05,74-94,168,14
Aerial Doombot,44.04,635-807,1442,94
HYDRA Troopers,44.04,646-821,1467,99
Ultron Drone,44.01,691-879,1570,98
Knights of Dol Amroth,44.0,77-98,175,13
"Madame Null, Power Broker",44.0,11-14,25,4
"Captain Marvel, Earth's Protector",44.0,77-98,175,11
"Beetle, Legacy Criminal",44.0,99-126,225,22
Take for a Ride,44.0,22-28,50,4
Inherited Envelope,43.97,62-79,141,14
Forest,43.96,895-1141,2036,140
Tony Stark // The Invincible Iron Man,43.96,40-51,91,6
Depower,43.95,737-940,1677,108
Ostrich-Horse,43.94,58-74,132,14
Saruman's Trickery,43.94,58-74,132,10
"Raphael, Most Attitude",43.94,29-37,66,8
Strength of Will,43.94,29-37,66,8
Thornado,43.93,47-60,107,8
Jagged Barrens,43.93,47-60,107,8
Haazda Vigilante,43.92,65-83,148,13
"Black Widow, Double Agent",43.91,353-451,804,54
Redrock Sentinel,43.9,18-23,41,3
Desperate Bloodseeker,43.9,54-69,123,12
"Molten Man, Inferno Incarnate",43.88,61-78,139,14
Trained Arynx,43.87,68-87,155,15
Knowledge Seeker,43.86,25-32,57,7
"The Thing, Ben Grimm",43.83,380-487,867,55
Epic Fight,43.82,110-141,251,20
Raucous Audience,43.81,92-118,210,18
Web-Shooters,43.81,46-59,105,10
Kid Loki,43.8,300-385,685,46
Foot Ninjas,43.79,74-95,169,16
"Black Cat, Cunning Thief",43.75,14-18,32,3
"Sokka, Tenacious Tactician",43.75,21-27,48,6
Battle-Scarred Goblin,43.75,49-63,112,14
Dawn of a New Age (LTR) 731z,43.75,14-18,32,2
Obsessive Pursuit,43.75,7-9,16,2
Slimy Dualleech,43.75,14-18,32,2
Collector's Cage,43.75,7-9,16,1
Dark Deed,43.74,304-391,695,48
Super Villain Lockup,43.74,276-355,631,45
Spider-Bot,43.73,122-157,279,24
Isolation at Orthanc,43.72,94-121,215,18
Rock Soldiers,43.72,87-112,199,21
News Helicopter,43.7,52-67,119,11
"Now for Wrath, Now for Ruin!",43.7,52-67,119,11
Behind the Mask,43.67,69-89,158,15
Map the Frontier,43.66,31-40,71,8
Peregrin Took,43.66,62-80,142,11
Angry Rabble,43.65,79-102,181,18
Easterling Vanguard,43.62,82-106,188,16
Razor Rings,43.61,99-128,227,17
Training Regimen,43.61,379-490,869,57
"Shuri, Wakandan Inventor",43.59,333-431,764,50
Dai Li Indoctrination,43.59,68-88,156,14
"Shocker, Unshakable",43.59,51-66,117,8
"Hakoda, Selfless Commander",43.59,17-22,39,4
"Iron Fist, Living Weapon",43.58,302-391,693,49
Plains,43.57,972-1259,2231,139
Unlucky Cabbage Merchant,43.56,44-57,101,7
Forecasting Fortune Teller,43.55,81-105,186,18
"Spider-Man, Web-Slinger",43.52,84-109,193,19
Canyon Crawler,43.51,67-87,154,15
Selfless Police Captain,43.49,117-152,269,24
Genghis Frog,43.48,40-52,92,13
Mister Negative,43.48,20-26,46,3
Sandbender Scavengers,43.48,10-13,23,2
Agent of Atlas,43.47,602-783,1385,86
Alien Invasion,43.47,143-186,329,23
Consuming Ashes,43.46,113-147,260,22
"Ronin, Shadow Stalker",43.46,266-346,612,41
Mobile Homestead,43.45,63-82,145,13
The Scarlet Witch,43.45,136-177,313,19
Hot Dog Cart,43.43,119-155,274,25
Riku of Many Paths,43.4,23-30,53,4
Rosie Cotton of South Lane,43.36,49-64,113,8
Hire a Crew,43.34,592-774,1366,92
Requisition Raid,43.33,26-34,60,5
Fury of the Horde,43.33,13-17,30,2
Atlantean Cavalry,43.32,597-781,1378,93
Ringsight,43.31,55-72,127,9
Took Reaper,43.24,96-126,222,19
Diligent Zookeeper,43.24,32-42,74,7
Mouser Foundry,43.24,96-126,222,23
Scout the City,43.24,48-63,111,12
A.I.M. Labs,43.21,388-510,898,62
S.H.I.E.L.D. Deployment Drone,43.18,636-837,1473,97
Wizard's Rockets,43.17,79-104,183,19
"Ironheart, Clever Champion",43.15,104-137,241,18
Volcanic Villain,43.12,539-711,1250,80
Foot Elite,43.12,69-91,160,16
"Speedball, New Warrior",43.1,328-433,761,50
Vitu-Ghazi Inspector,43.09,106-140,246,20
Rise of the Varmints,43.08,28-37,65,4
"Ms. Marvel, Kamala Khan",43.06,121-160,281,18
Spider-Mobile,43.04,34-45,79,8
Professional Wrestler,43.02,77-102,179,16
Return to the Sewers,43.01,40-53,93,14
Claim the Precious,42.99,46-61,107,10
"Invisible Woman, Sue Storm",42.97,318-422,740,48
Toxin Analysis,42.93,79-105,184,14
"Black Widow, Super Spy",42.93,85-113,198,13
Mechanical Mobster,42.92,103-137,240,20
Thunderbolts Conspiracy,42.9,145-193,338,23
Evil's Thrall,42.9,293-390,683,43
Widow's Bite,42.86,627-836,1463,94
Captain America's Shield,42.86,180-240,420,28
Giant Koi,42.86,90-120,210,18
Pym Particles,42.86,297-396,693,43
Fin Fang Foom,42.86,159-212,371,25
Esquire of the King,42.86,57-76,133,11
"Spider-Ham, Peter Porker",42.86,39-52,91,8
Nimrodel Watcher,42.86,111-148,259,21
Nimble Hobbit,42.86,90-120,210,18
Quarrel's End,42.86,72-96,168,13
One Last Job,42.86,18-24,42,4
Samwise the Stouthearted,42.86,15-20,35,5
Northampton Farm,42.86,18-24,42,4
Spider-Punk,42.86,21-28,49,5
Pictures of Spider-Man,42.86,45-60,105,10
Rocket-Powered Goblin Glider,42.86,18-24,42,4
Turtles in Time,42.86,9-12,21,2
Ruinous Waterbending,42.76,62-83,145,11
Ferocification,42.74,50-67,117,8
Crowd-Control Warden,42.74,50-67,117,10
Superior Foes of Spider-Man,42.73,47-63,110,11
Common Crook,42.72,91-122,213,21
Gallant Citizen,42.71,123-165,288,26
Orcish Medicine,42.71,82-110,192,16
Machinesmith Automaton,42.7,655-879,1534,95
"Rhino, Barreling Brute",42.7,38-51,89,8
Swampsnare Trap,42.68,67-90,157,17
Barrels of Blasting Jelly,42.67,32-43,75,7
Boiling Rock Prison,42.62,26-35,61,7
Meditation Pools,42.62,52-70,122,14
Origin of Spider-Man,42.62,26-35,61,5
Case of the Ransacked Lab,42.59,23-31,54,4
"Erkenbrand, Lord of Westfold",42.59,23-31,54,5
Spider-UK,42.57,43-58,101,10
"Chameleon, Master of Disguise",42.55,60-81,141,12
Kylox's Voltstrider,42.55,20-27,47,3
Dúnedain Rangers,42.55,20-27,47,5
Irascible Wolverine,42.55,60-81,141,13
I Am Iron Man,42.54,667-901,1568,101
Fire Nation Attacks,42.54,57-77,134,11
Shady Informant,42.54,77-104,181,15
Quintessential Katana,42.53,37-50,87,8
Agent Maria Hill,42.52,287-388,675,43
Buzz Bots,42.5,51-69,120,10
Ba Sing Se,42.5,17-23,40,3
Bagel and Schmear,42.44,87-118,205,19
Shredder's Technique,42.42,42-57,99,10
"Luke Cage, Power Man",42.41,285-387,672,47
Snarling Gorehound,42.4,53-72,125,11
Multiversal Passage,42.39,39-53,92,8
Amazing Acrobatics,42.38,89-121,210,21
Willow-Wind,42.36,86-117,203,19
Many Partings,42.34,94-128,222,20
Otter-Penguin,42.33,80-109,189,20
Supportive Parents,42.31,22-30,52,6
Raging Goblinoids,42.31,33-45,78,7
Villainous Wrath,42.31,11-15,26,2
Shredder's Revenge,42.29,85-116,201,18
Wall Crawl,42.28,63-86,149,13
Peerless Ropemaster,42.27,82-112,194,17
Steel Wrecking Ball,42.25,90-123,213,21
Sudden Strike,42.24,49-67,116,13
Surrounded by Orcs,42.23,87-119,206,19
Gandalf's Sanction,42.22,38-52,90,7
Neutralize the Guards,42.2,46-63,109,8
Soldier of the Grey Host,42.2,73-100,173,13
"Zuko, Exiled Prince",42.17,35-48,83,6
Arc Reactor,42.15,161-221,382,24
Political Triumph,42.11,288-396,684,45
"Iron Man, Master of Machines",42.11,280-385,665,47
Get a Leg Up,42.11,16-22,38,4
Assimilation Aegis,42.11,8-11,19,1
Mary Jane Watson,42.11,16-22,38,4
Counterspell,42.11,8-11,19,1
Rope,42.11,8-11,19,1
"The Spot, Living Portal",42.11,8-11,19,1
Desertion,42.11,8-11,19,1
Baxter Building,42.09,314-432,746,52
Hex Magic,41.99,283-391,674,47
"Misty Knight, Hero for Hire",41.99,249-344,593,41
Rough Rhino Cavalry,41.96,60-83,143,13
Los Diablos Missile Base,41.95,414-573,987,65
Heroes' Hangout,41.88,49-68,117,13
Cast into the Fire,41.83,64-89,153,17
Squirrelanoids,41.79,28-39,67,8
Improvised Club,41.79,56-78,134,11
Lurking Lizards,41.76,109-152,261,21
Shared Roots,41.76,38-53,91,7
Meriadoc Brandybuck,41.73,53-74,127,11
Armor Wars,41.72,126-176,302,20
"Teo, Spirited Glider",41.67,30-42,72,6
Secret Identity,41.67,40-56,96,8
"Professor Zei, Anthropologist",41.67,40-56,96,9
Leonardo's Technique,41.67,10-14,24,2
Abandon Attachments,41.63,97-136,233,20
Whoosh!,41.55,86-121,207,21
This Town Ain't Big Enough,41.54,27-38,65,6
Shire Shirriff,41.54,27-38,65,5
Agency Coroner,41.49,39-55,94,11
"Captain America, Wings of Freedom",41.49,117-165,282,20
Mechanized Ninja Cavalry,41.48,95-134,229,20
"Arnim Zola, Bio-Fanatic",41.47,311-439,750,56
"Lady Octopus, Inspired Inventor",41.46,17-24,41,4
Another Round,41.46,17-24,41,3
"Doc Samson, Super Psychiatrist",41.45,274-387,661,46
Public Thoroughfare,41.43,29-41,70,8
Uruk-hai Berserker,41.42,70-99,169,12
Ioreth of the Healing House,41.41,53-75,128,9
Bespoke Bō,41.38,24-34,58,7
Breaking of the Fellowship,41.38,96-136,232,20
"Mona Lisa, Science Geek",41.38,36-51,87,7
Gold Pan,41.36,67-95,162,14
Gleaming Bastion,41.36,194-275,469,31
Meddling Youths,41.33,31-44,75,8
Daily Bugle Reporters,41.27,104-148,252,23
"Ezekiel Sims, Spider-Totem",41.25,33-47,80,8
Doom Reigns Supreme,41.25,125-178,303,21
Morgul-Knife Wound,41.24,73-104,177,15
Out Cold,41.22,61-87,148,12
Mouser Mark III,41.22,61-87,148,17
Rodeo Pyromancers,41.2,89-127,216,22
Sword of Fire and Ice,41.18,7-10,17,2
Outrageous Robbery,41.18,14-20,34,3
"Suki, Courageous Rescuer",41.18,14-20,34,3
Radioactive Spider,41.18,7-10,17,4
The Shire,41.18,7-10,17,2
Rictus Robber,41.18,21-30,51,5
Ghostly Prison,41.18,14-20,34,2
"Armaggon, Future Shark",41.18,14-20,34,4
Stern Scolding,41.11,37-53,90,7
Too Evil to Stay Dead,41.1,254-364,618,42
Firebending Lesson,41.05,39-56,95,8
"Fortune, Loyal Steed",41.03,16-23,39,3
Southern Air Temple,41.03,32-46,78,6
Mongoose Lizard,41.01,57-82,139,14
Thirst for Knowledge,40.98,243-350,593,44
Rush the Room,40.98,75-108,183,16
Purple Dragon Punks,40.96,68-98,166,17
Ent's Fury,40.96,68-98,166,14
Errand-Rider of Gondor,40.95,43-62,105,9
Loan Shark,40.94,61-88,149,14
Pirate Peddlers,40.93,79-114,193,16
"Azula, Cunning Usurper",40.91,9-13,22,3
Waterbending Lesson,40.83,69-100,169,17
Hog-Monkey,40.82,80-116,196,18
Foggy Swamp Spirit Keeper,40.79,31-45,76,7
"April O'Neil, Kunoichi Trainee",40.79,31-45,76,10
Novice Inspector,40.76,86-125,211,17
Essence Capture,40.74,22-32,54,4
Blooming Marsh,40.74,33-48,81,7
Wose Pathfinder,40.74,55-80,135,13
Detective's Satchel,40.74,11-16,27,3
Yuyan Archers,40.72,90-131,221,18
Enraged Huorn,40.71,57-83,140,12
Bender's Waterskin,40.7,70-102,172,19
"Jeong Jeong, the Deserter",40.62,13-19,32,4
"Vulture, Scheming Scavenger",40.59,41-60,101,9
Spinewoods Paladin,40.58,56-82,138,14
Treetop Freedom Fighters,40.52,47-69,116,12
"Living Brain, Mechanical Marvel",40.5,49-72,121,12
"Storm, Windrider",40.45,108-159,267,20
Punk Frogs,40.45,72-106,178,21
Insectoid Exterminator,40.45,36-53,89,9
Dunland Crebain,40.39,103-152,255,20
"Bumi, Unleashed",40.38,21-31,52,3
Avatar Enthusiasts,40.34,48-71,119,11
Elemental Teachings,40.32,25-37,62,4
Cruel Administrator,40.32,25-37,62,6
Construct a Cosmic Cube,40.31,156-231,387,28
Pumpkin Bombardment,40.31,79-117,196,23
Sam's Desperate Rescue,40.3,54-80,134,13
Uncle Iroh,40.28,29-43,72,6
South Pole Voyager,40.28,29-43,72,7
Slithering Cryptid,40.26,62-92,154,15
"Flash Thompson, Spider-Fan",40.26,31-46,77,9
Jennika's Technique,40.26,31-46,77,8
Cat-Owl,40.21,76-113,189,19
"Tigra, Feline Fury",40.19,256-381,637,46
Serpent's Pass,40.14,57-85,142,11
"SP//dr, Piloted by Peni",40.13,63-94,157,15
Haunt of the Dead Marshes,40.08,95-142,237,21
Call a Surprise Witness,40.0,20-30,50,5
The Spot's Portal,40.0,46-69,115,12
War Balloon,40.0,26-39,65,7
Lembas,40.0,54-81,135,15
Trusty Boomerang,40.0,10-15,25,4
Aftermath Analyst,40.0,14-21,35,2
"Vadmir, New Blood",40.0,12-18,30,2
Nazgûl,40.0,20-30,50,4
Cheering Crowd,40.0,14-21,35,4
"Boromir, Warden of the Tower",40.0,22-33,55,4
Weather Maker,40.0,6-9,15,2
Hustle // Bustle,40.0,18-27,45,4
The Clone Saga,40.0,8-12,20,2
Gran-Gran,40.0,14-21,35,5
Foggy Swamp Hunters,39.87,61-92,153,16
Moon Girl and Devil Dinosaur,39.87,183-276,459,31
Cowabunga!,39.86,57-86,143,17
Bot Bashing Time,39.86,55-83,138,17
Mutant Town Musicians,39.84,49-74,123,15
Nobody,39.78,72-109,181,21
Swarming of Moria,39.78,72-109,181,16
Romantic Rendezvous,39.75,97-147,244,21
Horses of the Bruinen,39.74,31-47,78,6
Destined Confrontation,39.73,29-44,73,5
Rowdy Snowballers,39.73,89-135,224,20
Topiary Panther,39.71,54-82,136,11
Master Pakku,39.71,27-41,68,6
Kraven's Cats,39.7,79-120,199,18
Rot Farm Mortipede,39.64,67-102,169,14
Baron Bertram Graywater,39.64,44-67,111,8
Galadhrim Bow,39.64,67-102,169,16
Absolving Lammasu,39.62,21-32,53,5
Guru Pathik,39.58,38-58,96,9
Sumala Sentry,39.58,19-29,48,5
Gwaihir the Windlord,39.58,19-29,48,6
Outlaw Stitcher,39.56,36-55,91,9
Platypus-Bear,39.55,70-107,177,16
Worlds Within Worlds,39.53,102-156,258,17
Spider-Man India,39.53,34-52,86,8
Drag the Canal,39.53,17-26,43,4
Cactusfolk Sureshot,39.53,34-52,86,8
Case of the Pilfered Proof,39.53,17-26,43,3
School Daze,39.52,49-75,124,11
Kyoshi Village,39.47,30-46,76,8
Walltop Sentries,39.47,45-69,114,14
Transdimensional Bovine,39.47,15-23,38,3
Wild Pack Squad,39.46,103-158,261,25
Rune-Brand Juggler,39.45,43-66,109,8
"Shredder, Unrelenting",39.44,28-43,71,7
Homicide Investigator,39.39,13-20,33,2
"Glorfindel, Dauntless Rescuer",39.39,13-20,33,4
Watery Grasp,39.36,74-114,188,17
Spider-Islanders,39.35,85-131,216,20
West Wind Avatar,39.34,24-37,61,6
"Abomination, Terrifying Titan",39.32,219-338,557,40
Sandman's Quicksand,39.29,22-34,56,4
Path to Exile,39.29,22-34,56,6
"Wonder Man, Hollywood Hero",39.27,291-450,741,51
Lash of the Balrog,39.26,53-82,135,14
Tale of Tinúviel,39.24,31-48,79,7
Savage Smash,39.22,20-31,51,3
"Leatherhead, Swamp Stalker",39.22,20-31,51,5
The Last Ronin's Technique,39.22,20-31,51,5
Sun-Blessed Peak,39.18,38-59,97,9
Second Breakfast,39.13,63-98,161,16
Wojek Investigator (MKM) 36†,39.13,9-14,23,2
Savage Mansion,39.1,61-95,156,17
Photon Blast Barrage,39.05,230-359,589,43
Scene of the Crime,39.02,16-25,41,5
The Astonishing Ant-Man,39.0,101-158,259,19
Bovine Intervention,38.97,53-83,136,10
Banish from Edoras,38.95,74-116,190,15
"Kraven, Proud Predator",38.89,14-22,36,8
Reckless Detective,38.89,21-33,54,4
Invasion Tactics,38.89,14-22,36,3
Web of Life and Destiny,38.89,14-22,36,3
Fight to the Death,38.89,7-11,18,1
Subway Train,38.81,78-123,201,19
"Iron Spider, Stark Upgrade",38.78,19-30,49,4
Return the Favor,38.78,19-30,49,4
Peter Parker's Camera,38.71,12-19,31,4
Highway Robbery,38.71,60-95,155,14
Curious Farm Animals,38.71,36-57,93,10
"Eddie Brock // Venom, Lethal Protector",38.71,12-19,31,3
Pick Your Poison,38.67,29-46,75,7
Reckless Lackey,38.66,46-73,119,9
The Chase Is On,38.64,68-108,176,15
Mordor Trebuchet,38.58,76-121,197,18
Barrow-Blade,38.57,27-43,70,5
Prison Break,38.54,37-59,96,12
Wolfbat,38.46,30-48,78,7
Tomb Trawler,38.46,35-56,91,8
Skateboard,38.46,30-48,78,10
Honest Work,38.46,20-32,52,5
Sun Warriors,38.46,10-16,26,3
Projektor Inspector,38.41,53-85,138,9
Pretending Poxbearers,38.41,53-85,138,14
Heroic Feast,38.41,116-186,302,19
"June, Bounty Hunter",38.36,28-45,73,6
No More Lies,38.33,23-37,60,6
"Leonardo, Big Brother",38.31,59-95,154,18
Dust Animus,38.24,26-42,68,7
Featherbrained Filcher,38.24,26-42,68,9
Biorganic Carapace,38.24,13-21,34,3
Bag End Porter,38.21,47-76,123,12
Stone of Erech,38.18,21-34,55,4
East-Mark Cavalier,38.16,58-94,152,14
Troll of Khazad-dûm,38.14,90-146,236,18
Evidence Examiner,38.1,16-26,42,5
Combustion Man,38.1,24-39,63,5
Cirith Ungol Patrol,38.04,62-101,163,14
Fire Lord Zuko,38.03,27-44,71,7
Earth Village Ruffians,38.0,57-93,150,13
Fancy Footwork,38.0,38-62,100,8
Unscrupulous Contractor,37.97,30-49,79,10
Cat-Gator,37.97,30-49,79,8
The Torment of Gollum,37.96,41-67,108,10
Earthbending Lesson,37.95,63-103,166,15
Metalhead,37.93,22-36,58,9
Mount Doom,37.93,11-18,29,2
Book of Mazarbul,37.89,36-59,95,8
Soured Springs,37.88,25-41,66,6
The Unagi of Kyoshi Island,37.84,14-23,37,4
Intrude on the Mind,37.84,14-23,37,3
Hithlain Knots,37.57,71-118,189,16
Unauthorized Exit,37.5,39-65,104,10
Light of Promise,37.5,15-25,40,3
"Appa, Steadfast Guardian",37.5,9-15,24,3
Heartless Act,37.5,21-35,56,6
Prince Imrahil the Fair,37.5,24-40,64,6
"Elrond, Lord of Rivendell",37.5,9-15,24,3
Council's Deliberation,37.5,33-55,88,9
Minas Tirith,37.5,12-20,32,2
"Killmonger, Scourge of Wakanda",37.48,223-372,595,49
Shire Terrace,37.41,55-92,147,14
Thwip!,37.38,80-134,214,20
Fire Nation Raider,37.37,71-119,190,17
White Lotus Hideout,37.36,34-57,91,9
Birthday Escape,37.33,28-47,75,8
Lost Days,37.32,53-89,142,18
Hobbit's Sting,37.32,53-89,142,14
Decisive Denial,37.31,25-42,67,4
Stalwarts of Osgiliath,37.29,66-111,177,18
"Hei Bai, Spirit of Balance",37.27,41-69,110,10
Heroic Intervention,37.27,41-69,110,8
Foray of Orcs,37.25,19-32,51,6
Avengers: Under Siege,37.24,73-123,196,16
"Starling, Aerial Ally",37.21,48-81,129,11
Oliphaunt,37.16,68-115,183,21
The Legend of Kuruk // Avatar Kuruk,37.14,13-22,35,3
Avengers Assemble!,37.12,49-83,132,10
Ozai's Cruelty,37.1,23-39,62,8
Flowering of the White Tree,37.04,10-17,27,2
Westfold Rider,37.01,57-97,154,15
"Azula, On the Hunt",36.99,27-46,73,7
Namor the Sub-Mariner,36.97,61-104,165,10
Tenderize,36.96,68-116,184,16
Long Goodbye,36.84,42-72,114,10
Jeong Jeong's Deserters,36.79,78-134,212,21
Waterbender Ascension,36.78,32-55,87,7
The Black Breath,36.73,72-124,196,17
Scroll of Isildur,36.73,18-31,49,6
Kyoshi Warriors,36.7,69-119,188,18
Foggy Swamp Visions,36.67,11-19,30,3
Masked Meower,36.63,37-64,101,12
Rockalanche,36.59,15-26,41,4
Geyser Leaper,36.55,53-92,145,14
"Flopsie, Bumi's Buddy",36.54,38-66,104,10
"Gimli, Counter of Kills",36.45,39-68,107,8
Insidious Roots,36.45,39-68,107,9
Foggy Swamp Vinebender,36.36,56-98,154,15
"Butterbur, Bree Innkeeper",36.36,12-21,33,4
Living Conundrum,36.36,8-14,22,2
Mob Lookout,36.33,101-177,278,27
Spider-Man No More,36.2,59-104,163,16
Lobelia Sackville-Baggins,36.11,13-23,36,5
Éomer of the Riddermark,36.11,13-23,36,4
"Lazav, Familiar Stranger",36.11,13-23,36,3
Merciless Enforcers,36.08,92-163,255,27
Sword of Wealth and Power,36.0,9-16,25,3
Extinction Event,36.0,9-16,25,3
"Judith, Carnage Connoisseur",36.0,9-16,25,2
Revive the Shire,35.92,74-132,206,19
Skulduggery,35.9,28-50,78,9
Omashu City,35.85,19-34,53,5
Deceive the Messenger,35.81,53-95,148,14
With Great Power . . .,35.8,29-52,81,6
Forensic Gadgeteer,35.71,10-18,28,2
"Aurelia, the Law Above",35.71,10-18,28,3
Sanctuary Wall,35.71,40-72,112,9
Iguana Parrot,35.62,57-103,160,18
Crustacean Commando,35.58,37-67,104,14
Galadriel of Lothlórien,35.56,16-29,45,5
Cactarantula,35.51,49-89,138,12
Hermitic Herbalist,35.48,22-40,62,7
Ambush Gigapede,35.38,46-84,130,11
Phoenix Fleet Airship,35.29,6-11,17,2
"Araña, Heart of the Spider",35.29,6-11,17,3
Beetle-Headed Merchants,35.25,86-158,244,26
Raucous Theater,35.19,19-35,54,6
Protector of Gondor,35.19,19-35,54,7
Samwise Gamgee,35.14,13-24,37,3
Saruman the White,35.14,13-24,37,4
"Sméagol, Helpful Guide",35.09,20-37,57,5
Gimli's Axe,35.08,67-124,191,16
Cunning Maneuver,35.06,88-163,251,21
Spider-Man Noir,35.05,34-63,97,10
Dúnedain Blade,35.0,56-104,160,14
Zuko's Exile,34.91,59-110,169,18
Spinneret and Spiderling,34.88,15-28,43,4
Bewitching Leechcraft,34.87,53-99,152,14
Lavaspur Boots,34.78,8-15,23,3
Crashing Wave,34.78,48-90,138,15
"Leonardo, Sewer Samurai",34.78,8-15,23,2
Fanatical Strength (MKM) 310†,34.78,8-15,23,2
Contagion Engine,34.69,17-32,49,4
The Neutrinos,34.69,17-32,49,5
City Pigeon,34.69,51-96,147,16
"Iroh, Grand Lotus",34.69,17-32,49,4
Venomized Cat,34.67,69-130,199,21
Gathering Place,34.6,118-223,341,24
"Thanos, the Mad Titan",34.55,38-72,110,9
Benthic Criminologists,34.53,48-91,139,16
"Fear, Fire, Foes!",34.52,29-55,84,7
Airbender Ascension,34.48,10-19,29,4
Tiger-Seal,34.48,10-19,29,3
New Generation's Technique,34.38,11-21,32,3
Magnifying Glass,34.34,34-65,99,11
Cunning Coyote,34.33,23-44,67,5
Torch the Witness,34.31,35-67,102,9
"Jackal, Genius Geneticist",34.29,12-23,35,3
Servant of the Stinger,34.25,25-48,73,10
Fatal Fissure,34.21,26-50,76,5
Agent Venom,34.21,13-25,38,3
"Shadowfax, Lord of Horses",34.18,27-52,79,7
Cryptic Coat,34.09,15-29,44,5
Vraska Joins Up,34.09,15-29,44,5
Ithilien Kingfisher,34.04,48-93,141,15
"Doc Aurlock, Grizzled Genius",34.04,16-31,47,5
Bumi Bash,34.02,66-128,194,20
Marketwatch Phantom,33.86,43-84,127,13
Merchant of Many Hats,33.64,36-71,107,11
"Quickbeam, Upstart Ent",33.33,17-34,51,6
Brimstone Roundup,33.33,20-40,60,7
Combustion Technique,33.33,34-68,102,11
Resilient Roadrunner,33.33,8-16,24,2
Bandit's Haul,33.33,17-34,51,5
Lost in the Maze,33.33,14-28,42,5
Bebop & Rocksteady,33.33,13-26,39,4
The Rise of Sozin // Fire Lord Sozin,33.33,10-20,30,2
Perimeter Enforcer,33.33,8-16,24,2
Ephemerate,33.33,7-14,21,2
Party Dude,33.33,10-20,30,3
"Malcolm, the Eyes",33.33,6-12,18,2
Unstable Experiment,33.1,47-95,142,17
Messenger Hawk,32.77,39-80,119,14
"Wingnut, Bat on the Belfry",32.76,19-39,58,7
Haradrim Spearmaster,32.74,55-113,168,16
Generous Ent,32.7,69-142,211,17
Rally at the Hornburg,32.56,56-116,172,16
Air Nomad Legacy,32.53,27-56,83,11
Stew the Coneys,32.5,13-27,40,5
Pelargir Survivor,32.35,33-69,102,12
Rattleback Apothecary,32.26,10-21,31,3
Brandywine Farmer,32.23,39-82,121,12
"Grond, the Gatebreaker",32.18,28-59,87,8
The Ten Rings,32.17,37-78,115,9
Bitter Work,32.14,27-57,84,8
Aloe Alchemist,32.14,9-19,28,4
"Renet, Temporal Apprentice",32.0,8-17,25,3
Misty Palms Oasis,31.94,23-49,72,8
"Strider, Ranger of the North",31.88,22-47,69,7
The Coming of Galactus,31.78,34-73,107,8
"Venus, Torn Between Worlds",31.71,13-28,41,4
"Kraum, Violent Cacophony",31.71,13-28,41,4
Seismic Sense,31.67,19-41,60,6
Alley Assailant,31.58,42-91,133,13
Villainous Wealth,31.58,6-13,19,3
Metamorphic Blast,31.48,17-37,54,7
The Earth King,31.43,11-24,35,4
Outcaster Greenblade,31.43,11-24,35,5
Zuko's Conviction,31.08,23-51,74,8
"Marchesa, Dealer of Death",31.03,9-20,29,3
Turtle Power!,31.03,9-20,29,4
Jace Reawakened,31.03,9-20,29,3
Serpent of the Pass,30.88,21-47,68,11
Tolls of War,30.77,12-27,39,4
"Silk, Web Weaver",30.77,8-18,26,2
"Iroh, Tea Master",30.77,12-27,39,5
Undercity Eliminator,30.77,8-18,26,2
Mirror of Galadriel,30.77,12-27,39,4
"Aang, Swift Savior // Aang and La, Ocean's Fury",30.77,8-18,26,3
The Grey Havens,30.68,27-61,88,8
"Silver Sable, Mercenary Leader",30.61,15-34,49,9
Boar-q-pine,30.51,54-123,177,20
Furtive Courier,30.43,14-32,46,5
"Tokka & Rahzar, Terrible Twos",30.43,7-16,23,2
Goblin Fireleaper,30.0,21-49,70,6
North Pole Patrol,30.0,9-21,30,4
Hollow Marauder,30.0,6-14,20,3
Shortcut to Mushrooms,30.0,6-14,20,3
Kyoshi Island Plaza,29.82,17-40,57,6
Groundchuck & Dirtbag,29.79,14-33,47,5
Leyline of the Guildpact,29.73,11-26,37,3
"Toph, Hardheaded Teacher",29.63,8-19,27,2
"Old Hob, Alleycat Blues",29.55,13-31,44,6
Visage Bandit,29.27,12-29,41,5
"Lo and Li, Twin Tutors",29.21,26-63,89,11
Alien Symbiosis,29.21,26-63,89,8
"Michelangelo, Weirdness to 11",29.17,7-17,24,3
Price of Freedom,29.17,7-17,24,3
Ranger's Firebrand,29.07,25-61,86,8
Magnetic Snuffler,29.03,9-22,31,6
Broadcast Takeover,29.03,9-22,31,3
Captain of Umbar,29.0,29-71,100,10
Agna Qel'a,28.57,6-15,21,3
Sparring Dummy,28.26,13-33,46,5
"Hama, the Bloodbender",28.21,11-28,39,5
Hypothesizzle,28.12,9-23,32,3
"King T'Challa // Black Panther, Hope Enduring",28.09,25-64,89,7
Oath of the Grey Host,28.07,16-41,57,7
"Appa, Loyal Sky Bison",28.0,7-18,25,4
Invasion Submersible,28.0,14-36,50,5
Leader's Talent,28.0,7-18,25,4
Rocky Rebuke,27.98,54-139,193,19
Freestrider Lookout,27.78,5-13,18,2
Gimli's Fury,27.73,33-86,119,11
White Lotus Reinforcements,27.71,23-60,83,10
Elven Farsight,27.67,44-115,159,15
Primordial Pachyderm,27.42,34-90,124,14
Leaves from the Vine,27.27,15-40,55,6
Wrench,27.27,12-32,44,5
The Pride of Hull Clade,27.27,6-16,22,2
Reprieve,27.12,16-43,59,7
Undercover Crocodelf,26.77,34-93,127,16
Fire Navy Trebuchet,26.67,16-44,60,8
Culvert Ambusher,26.67,8-22,30,3
Spider-Verse,26.67,4-11,15,1
Worldsoul's Rage,26.67,4-11,15,1
Lead Pipe,26.67,4-11,15,1
Treacherous Terrain,26.67,4-11,15,1
"Kaya, Spirits' Justice",26.67,4-11,15,1
"Sun-Spider, Nimble Webber",26.47,9-25,34,4
Case of the Shattered Pact,26.32,5-14,19,3
Reanimate,26.32,5-14,19,2
Audience with Trostani,26.09,6-17,23,3
"Delney, Streetwise Lookout",25.93,7-20,27,2
Gollum's Bite,25.58,11-32,43,5
Secret Tunnel,25.58,11-32,43,4
Lively Dirge,25.53,12-35,47,5
"Meneldor, Swift Savior",25.49,13-38,51,5
"Calamity, Galloping Inferno",25.0,6-18,24,3
Surgical Extraction,25.0,5-15,20,3
Elegant Parlor,25.0,7-21,28,3
Earthen Ally,24.53,13-40,53,5
Expose the Culprit,24.53,13-40,53,7
The Mouth of Sauron,24.49,12-37,49,5
Great Divide Guide,24.0,6-19,25,3
"Aragorn, Company Leader",23.68,9-29,38,4
Rise of the Witch-king,23.53,20-65,85,9
Oscorp Industries,23.33,7-23,30,3
Northern Air Temple,23.33,7-23,30,3
"Donatello, Way with Machines",23.29,17-56,73,8
"Joo Dee, One of Many",22.97,17-57,74,8
Tiger-Dillo,22.64,12-41,53,5
Shadowy Backstreet,22.22,4-14,18,2
"Casey Jones, Vigilante",22.22,6-21,27,4
"Gimli, Mournful Avenger",22.22,6-21,27,2
Fiery Inscription,22.22,4-14,18,2
"The Boulder, Ready to Rumble",21.74,5-18,23,4
Forensic Researcher,21.43,6-22,28,2
Cease // Desist,21.05,8-30,38,5
Sokka's Haiku,21.05,4-15,19,2
"Tinybones, the Pickpocket",21.05,4-15,19,3
"Koh, the Face Stealer",20.83,5-19,24,3
Gold Rush,20.69,6-23,29,4
"Morlun, Devourer of Spiders",20.69,6-23,29,6
Novel Nunchaku,20.51,8-31,39,7
Push // Pull,20.0,4-16,20,4
"Ray Fillet, Man Ray",20.0,9-36,45,5
Wojek Investigator,20.0,4-16,20,2
"Hobgoblin, Mantled Marauder",20.0,3-12,15,3
Solstice Revelations,19.75,16-65,81,8
Call of the Ring,19.3,11-46,57,6
Hedge Maze,18.75,3-13,16,2
Beast Within,18.75,6-26,32,3
"Spider-Woman, Stunning Savior",18.75,3-13,16,2
"Shriek, Treblemaker",18.42,7-31,38,6
Treacherous Greed,18.18,4-18,22,3
Friendly Neighborhood,17.86,5-23,28,5
"Shelob, Child of Ungoliant",17.86,5-23,28,3
"Éowyn, Lady of Rohan",17.72,14-65,79,7
"Bristly Bill, Spine Sower",17.65,3-14,17,2
"Anzrag, the Quake-Mole",17.65,3-14,17,2
Meteor Sword,17.39,4-19,23,5
"Landroval, Horizon Witness",16.67,5-25,30,6
Spirit Water Revival,16.67,4-20,24,3
Transmutation Font,13.64,3-19,22,2
"Sokka, Bold Boomeranger",13.51,5-32,37,5
Simulacrum Synthesizer,13.33,2-13,15,2
Gandalf the White,12.12,4-29,33,4
"Katara, Water Tribe's Hope",11.63,5-38,43,5
Hard-Hitting Question,11.54,3-23,26,3
Raven Eagle,11.11,3-24,27,4
Commercial District,10.53,2-17,19,3
Abandoned Air Temple,8.7,2-21,23,3
"Lilah, Undefeated Slickshot",7.41,2-25,27,3
Mithril Coat,7.14,2-26,28,3
"Merry, Esquire of Rohan",6.67,1-14,15,2
Interdimensional Web Watch,6.67,2-28,30,5
Superior Spider-Man,6.25,1-15,16,3
Spider-Suit,5.0,2-38,40,5
